Título;Gênero;Rótulos de gênero;Estreia;Temporadas;Temporadas analisadas;Episódios analisados;Comprimento;Comprimento mínimo;Comprimento máximo;Status;Ativo;Tabela;Idioma;Data Inclusão;Data de Alteração
Dance & Sing with True;chrildrens musical short;chrildrens,musical,short;2018-05-18T00:00:00.000-03:00;1 season, 11 episodes;1;11;2 min.;2;2;Pending;1;Children;English;2021-03-16T21:20:24.000-03:00;2021-10-02T00:28:16.649-03:00
Super Monsters Monster Party;chrildrens musical short;chrildrens,musical,short;2018-09-14T00:00:00.000-03:00;1 season, 4 episodes;1;4;2 min.;2;2;Pending;1;Children;English;2021-03-16T21:20:24.000-03:00;2021-10-02T00:28:19.222-03:00
True Tunes;chrildrens musical short;chrildrens,musical,short;2019-07-12T00:00:00.000-03:00;a ser anunciado;0;0;TBA;0;0;Pending;1;Children;English;2021-03-16T21:20:24.000-03:00;2021-10-02T00:28:21.826-03:00
Harvey Girls Forever!;childrens-animation;childrens-animation;2018-06-29T00:00:00.000-03:00;2 seasons, 26 episodes;2;26;24 min.;24;24;Pending;1;Children;English;2021-03-16T21:20:24.000-03:00;2021-10-02T00:28:15.667-03:00
Llama Llama;childrens-animation;childrens-animation;2018-01-26T00:00:00.000-02:00;1 season, 15 episodes;1;15;24 min.;24;24;Renewed;1;Children;English;2021-03-16T21:20:24.000-03:00;2021-10-02T00:28:15.765-03:00
True and the Rainbow Kingdom;childrens-animation;childrens-animation;2017-08-11T00:00:00.000-03:00;2 seasons, 14 episodes;2;14;24 min.;24;24;Renewed;1;Children;English;2021-03-16T21:20:24.000-03:00;2021-10-02T00:28:16.340-03:00
Stretch Armstrong and the Flex Fighters;childrens-animation;childrens-animation;2017-11-17T00:00:00.000-02:00;2 seasons, 23 episodes;2;23;23 min.;23;23;Pending;1;Children;English;2021-03-16T21:20:24.000-03:00;2021-10-02T00:28:17.255-03:00
Ask the StoryBots;childrens-animation;childrens-animation;2016-08-12T00:00:00.000-03:00;2 seasons, 14 episodes;2;14;20–28 min.;20;28;Renewed;1;Children;English;2021-03-16T21:20:24.000-03:00;2021-10-02T00:28:17.217-03:00
3Below: Tales of Arcadia;childrens-animation;childrens-animation;2018-12-21T00:00:00.000-02:00;1 part, 13 episodes;0;13;23–24 min.;23;24;Renewed;1;Children;English;2021-03-16T21:20:24.000-03:00;2021-10-02T00:28:17.397-03:00
The Dragon Prince;childrens-animation;childrens-animation;2018-09-14T00:00:00.000-03:00;2 seasons, 18 episodes;2;18;25–27 min.;25;27;Renewed;1;Children;English;2021-03-16T21:20:24.000-03:00;2021-10-02T00:28:17.368-03:00
Cupcake & Dino: General Services;childrens-animation;childrens-animation;2018-07-27T00:00:00.000-03:00;2 seasons, 26 episodes;2;26;22–23 min.;22;23;Pending;1;Children;English;2021-03-16T21:20:24.000-03:00;2021-10-02T00:28:17.494-03:00
Kulipari: Dream Walker;childrens-animation;childrens-animation;2018-11-20T00:00:00.000-02:00;1 season, 10 episodes;1;10;23 min.;23;23;Pending;1;Children;English;2021-03-16T21:20:24.000-03:00;2021-10-02T00:28:18.327-03:00
The Hollow;childrens-animation;childrens-animation;2018-06-08T00:00:00.000-03:00;1 season, 10 episodes;1;10;24 min.;24;24;Renewed;1;Children;English;2021-03-16T21:20:24.000-03:00;2021-10-02T00:28:18.794-03:00
Trolls: The Beat Goes On!;childrens-animation;childrens-animation;2018-01-19T00:00:00.000-02:00;6 seasons, 38 episodes;6;38;24–25 min.;24;25;Pending;1;Children;English;2021-03-16T21:20:24.000-03:00;2021-10-02T00:28:18.899-03:00
Legend Quest;childrens-animation;childrens-animation;2017-02-24T00:00:00.000-03:00;1 season, 13 episodes;1;13;22 min.;22;22;Renewed;1;Children;English;2021-03-16T21:20:24.000-03:00;2021-10-02T00:28:19.485-03:00
Hilda;childrens-animation;childrens-animation;2018-09-21T00:00:00.000-03:00;1 season, 13 episodes;1;13;24 min.;24;24;Renewed;1;Children;English;2021-03-16T21:20:24.000-03:00;2021-10-02T00:28:19.825-03:00
Super Monsters Monster Pets;childrens-animation;childrens-animation;2019-06-07T00:00:00.000-03:00;1 season, 5 episodes;1;5;9–12 min.;9;12;Pending;1;Children;English;2021-03-16T21:20:24.000-03:00;2021-10-02T00:28:19.826-03:00
The Epic Tales of Captain Underpants;childrens-animation;childrens-animation;2018-07-13T00:00:00.000-03:00;2 seasons, 26 episodes;2;26;24 min.;24;24;Renewed;1;Children;English;2021-03-16T21:20:24.000-03:00;2021-10-02T00:28:20.029-03:00
Charlie's Colorforms City;childrens-animation;childrens-animation;2019-03-22T00:00:00.000-03:00;1 season, 13 episodes;1;13;25 min.;25;25;Pending;1;Children;English;2021-03-16T21:20:24.000-03:00;2021-10-02T00:28:20.274-03:00
Word Party;childrens-animation;childrens-animation;2016-07-08T00:00:00.000-03:00;3 seasons, 40 episodes;3;40;13 min.;13;13;Renewed;1;Children;English;2021-03-16T21:20:24.000-03:00;2021-10-02T00:28:20.470-03:00
Larva Island;childrens-animation;childrens-animation;2018-10-19T00:00:00.000-03:00;2 seasons, 26 episodes;2;26;8 min.;8;8;Pending;1;Children;English;2021-03-16T21:20:24.000-03:00;2021-10-02T00:28:20.640-03:00
Super Monsters;childrens-animation;childrens-animation;2017-10-13T00:00:00.000-03:00;2 seasons, 16 episodes;2;16;22–23 min.;22;23;Renewed;1;Children;English;2021-03-16T21:20:24.000-03:00;2021-10-02T00:28:21.126-03:00
Spirit Riding Free;childrens-animation;childrens-animation;2017-05-05T00:00:00.000-03:00;8 seasons, 52 episodes;8;52;23 min.;23;23;Pending;1;Children;English;2021-03-16T21:20:24.000-03:00;2021-10-02T00:28:21.400-03:00
Spy Kids: Mission Critical;childrens-animation;childrens-animation;2018-04-20T00:00:00.000-03:00;2 seasons, 20 episodes;2;20;23–25 min.;23;23;Pending;1;Children;English;2021-03-16T21:20:24.000-03:00;2021-10-02T00:28:21.671-03:00
Motown Magic;childrens-animation;childrens-animation;2018-11-20T00:00:00.000-02:00;1 season, 25 episodes;1;25;15–26 min.;15;26;Renewed;1;Children;English;2021-03-16T21:20:24.000-03:00;2021-10-02T00:28:21.618-03:00
Mighty Little Bheem;childrens-animation;childrens-animation;2019-04-12T00:00:00.000-03:00;1 season, 21 episodes;1;21;6–7 min.;6;7;Pending;1;Children;English;2021-03-16T21:20:24.000-03:00;2021-10-02T00:28:22.306-03:00
YooHoo to the Rescue;childrens-animation;childrens-animation;2019-03-15T00:00:00.000-03:00;1 season, 26 episodes;1;26;13–14 min.;13;14;Pending;1;Children;English;2021-03-16T21:20:24.000-03:00;2021-10-02T00:28:22.534-03:00
Pinky Malinky;childrens-animation;childrens-animation;2019-01-01T00:00:00.000-02:00;2 parts, 44 episodes;0;44;12–23 min.;12;23;Renewed;1;Children;English;2021-03-16T21:20:24.000-03:00;2021-10-02T00:28:22.595-03:00
The Boss Baby: Back in Business;childrens-animation;childrens-animation;2018-04-06T00:00:00.000-03:00;2 seasons, 26 episodes;2;26;24 min.;24;24;Pending;1;Children;English;2021-03-16T21:20:24.000-03:00;2021-10-02T00:28:23.646-03:00
She-Ra and the Princesses of Power;childrens-animation;childrens-animation;2018-11-13T00:00:00.000-02:00;2 seasons, 20 episodes;2;20;24 min.;24;24;Renewed;1;Children;English;2021-03-16T21:20:24.000-03:00;2021-10-02T00:28:23.648-03:00
Carmen Sandiego;childrens-animation;childrens-animation;2019-01-18T00:00:00.000-02:00;1 season, 9 episodes;1;9;23–33 min.;23;33;Renewed;1;Children;English;2021-03-16T21:20:24.000-03:00;2021-10-02T00:28:23.650-03:00
Black Summer;Zombie drama;zombie,drama;2019-04-11T00:00:00.000-03:00;1 season, 8 episodes;1;8;21–45 min.;21;45;Pending;1;Drama;English;2021-03-16T21:20:24.000-03:00;2021-10-02T00:28:22.071-03:00
The Alcàsser Murders;True crime;true,crime;2019-06-14T00:00:00.000-03:00;1 season, 5 episodes;1;5;53–66 min.;53;66;Pending;1;DocuSeries;English;2021-03-16T21:20:24.000-03:00;2021-10-02T00:28:16.307-03:00
Murder Mountain;True crime;true,crime;2018-12-28T00:00:00.000-02:00;1 season, 6 episodes;1;6;43 min.;0;0;Pending;1;DocuSeries;English;2021-03-16T21:20:24.000-03:00;2021-10-02T00:28:17.590-03:00
Examination of Conscience;True crime;true,crime;2019-01-25T00:00:00.000-02:00;1 season, 3 episodes;1;3;51–54 min.;51;54;Pending;1;DocuSeries;English;2021-03-16T21:20:24.000-03:00;2021-10-02T00:28:19.570-03:00
Exhibit A;True crime;true,crime;2019-06-28T00:00:00.000-03:00;a ser anunciado;0;0;TBA;0;0;Pending;1;DocuSeries;English;2021-03-16T21:20:24.000-03:00;2021-10-02T00:28:19.826-03:00
The Confession Tapes;True crime;true,crime;2017-09-08T00:00:00.000-03:00;2 seasons, 11 episodes;2;11;41–54 min.;41;54;Pending;1;DocuSeries;English;2021-03-16T21:20:24.000-03:00;2021-10-02T00:28:20.275-03:00
FightWorld;Travel documentary;travel,documentary;2018-10-12T00:00:00.000-03:00;1 season, 5 episodes;1;5;41–44 min.;41;44;Pending;1;DocuSeries;English;2021-03-16T21:20:24.000-03:00;2021-10-02T00:28:15.537-03:00
Dark Tourist;Travel documentary;travel,documentary;2018-07-20T00:00:00.000-03:00;1 season, 8 episodes;1;8;39–42 min.;39;42;Pending;1;DocuSeries;English;2021-03-16T21:20:24.000-03:00;2021-10-02T00:28:17.941-03:00
Ugly Delicious;Travel documentary;travel,documentary;2018-02-23T00:00:00.000-03:00;1 season, 8 episodes;1;8;46–55 min.;46;55;Renewed;1;DocuSeries;English;2021-03-16T21:20:24.000-03:00;2021-10-02T00:28:18.901-03:00
Jack Whitehall: Travels with My Father;Travel documentary;travel,documentary;2017-09-22T00:00:00.000-03:00;2 seasons, 11 episodes;2;11;28–32 min.;28;32;Pending;1;DocuSeries;English;2021-03-16T21:20:24.000-03:00;2021-10-02T00:28:20.471-03:00
Somebody Feed Phil;Travel documentary;travel,documentary;2018-01-12T00:00:00.000-02:00;2 seasons, 12 episodes;2;12;55–63 min.;55;63;Renewed;1;DocuSeries;English;2021-03-16T21:20:24.000-03:00;2021-10-02T00:28:23.613-03:00
The Chosen One;Thriller drama;thriller,drama;2019-06-28T00:00:00.000-03:00;a ser anunciado;0;0;TBA;0;0;Pending;1;ForeignLanguage;Portuguese;2021-03-16T21:20:24.000-03:00;2021-10-02T00:28:22.020-03:00
Shadow;Thriller;thriller;2019-03-08T00:00:00.000-03:00;1 season, 8 episodes;1;8;40–49 min.;40;49;Pending;1;Drama;English;2021-03-16T21:20:24.000-03:00;2021-10-02T00:28:18.106-03:00
13 Reasons Why;Teen drama/mystery;teen,drama,mystery;2017-03-31T00:00:00.000-03:00;2 seasons, 26 episodes;2;26;49–70 min.;49;70;Renewed;1;Drama;English;2021-03-16T21:20:24.000-03:00;2021-10-02T00:28:22.104-03:00
Free Rein;Teen drama;teen,drama;2017-06-22T00:00:00.000-03:00;2 seasons, 20 episodes;2;20;25–34 min.;25;34;Renewed;1;Children;English;2021-03-16T21:20:24.000-03:00;2021-10-02T00:28:23.313-03:00
Norm Macdonald Has a Show;Talk show;talk,show;2018-09-14T00:00:00.000-03:00;1 season, 10 episodes;1;10;26–35 min.;26;35;Pending;1;VarietyTalk;English;2021-03-16T21:20:24.000-03:00;2021-10-02T00:28:15.769-03:00
Patriot Act with Hasan Minhaj;Talk show;talk,show;2018-10-28T00:00:00.000-03:00;3 volumes, 19 episodes;0;19;23–30 min.;23;30;Renewed;1;VarietyTalk;English;2021-03-16T21:20:24.000-03:00;2021-10-02T00:28:17.734-03:00
B: The Beginning;Suspense;suspense;2018-03-02T00:00:00.000-03:00;1 season, 12 episodes;1;12;25–27 min.;25;27;Renewed;1;Anime;English;2021-03-16T21:20:24.000-03:00;2021-10-02T00:28:21.690-03:00
The Protector;Supernatural mystery;supernatural,mystery;2018-12-14T00:00:00.000-02:00;2 seasons, 18 episodes;2;18;31–51 min.;31;51;Renewed;1;ForeignLanguage;Turkish;2021-03-16T21:20:24.000-03:00;2021-10-02T00:28:16.539-03:00
Always a Witch;Supernatural drama;supernatural,drama;2019-02-01T00:00:00.000-02:00;1 season, 10 episodes;1;10;39–43 min.;39;43;Renewed;1;ForeignLanguage;Spanish;2021-03-16T21:20:24.000-03:00;2021-10-02T00:28:22.128-03:00
Tidelands;Supernatural crime drama;supernatural,crime,drama;2018-12-14T00:00:00.000-02:00;1 season, 8 episodes;1;8;36–48 min.;36;48;Pending;1;Drama;English;2021-03-16T21:20:24.000-03:00;2021-10-02T00:28:18.232-03:00
Chilling Adventures of Sabrina;Supernatural coming-of-age horror;supernatural,coming-of-age,horror;2018-10-26T00:00:00.000-03:00;2 parts, 20 episodes;0;20;50–64 min.;50;64;Renewed;1;Drama;English;2021-03-16T21:20:24.000-03:00;2021-10-02T00:28:19.169-03:00
The Order;Supernatural horror drama;supernatural,horror,drama;2019-03-07T00:00:00.000-03:00;1 season, 10 episodes;1;10;42–51 min.;42;51;Renewed;1;Drama;English;2021-03-16T21:20:24.000-03:00;2021-10-02T00:28:22.474-03:00
Sword Gai: The Animation;Supernatural;supernatural;2018-03-23T00:00:00.000-03:00;2 seasons, 24 episodes;2;24;22–23 min.;22;23;Pending;1;Anime;English;2021-03-16T21:20:24.000-03:00;2021-10-02T00:28:15.525-03:00
The Umbrella Academy;Superhero action;superhero,action;2019-02-15T00:00:00.000-02:00;1 season, 10 episodes;1;10;45–60 min.;45;60;Renewed;1;Drama;English;2021-03-16T21:20:24.000-03:00;2021-10-02T00:28:21.199-03:00
Rilakkuma and Kaoru;Stop motion slice of life;stop,motion,slice,of,life;2019-04-19T00:00:00.000-03:00;1 season, 13 episodes;1;13;11–14 min.;11;14;Pending;1;Anime;English;2021-03-16T21:20:24.000-03:00;2021-10-02T00:28:22.829-03:00
1983;Spy thriller;spy,thriller;2018-11-30T00:00:00.000-02:00;1 season, 8 episodes;1;8;50–63 min.;50;63;Renewed;1;ForeignLanguage;Polish;2021-03-16T21:20:24.000-03:00;2021-10-02T00:28:16.305-03:00
Losers;Sport;sport;2019-03-01T00:00:00.000-03:00;1 collection, 8 episodes;0;8;25–37 min.;25;37;Pending;1;DocuSeries;English;2021-03-16T21:20:24.000-03:00;2021-10-02T00:28:15.790-03:00
Cricket Fever: Mumbai Indians;Sport;sport;2019-03-01T00:00:00.000-03:00;1 season, 8 episodes;1;8;33–44 min.;33;44;Pending;1;DocuSeries;English;2021-03-16T21:20:24.000-03:00;2021-10-02T00:28:17.220-03:00
Formula 1: Drive to Survive;Sport;sport;2019-03-08T00:00:00.000-03:00;1 season, 10 episodes;1;10;27–41 min.;27;41;Pending;1;DocuSeries;English;2021-03-16T21:20:24.000-03:00;2021-10-02T00:28:18.872-03:00
Sunderland 'Til I Die;Sport;sport;2018-12-14T00:00:00.000-02:00;1 season, 8 episodes;1;8;37–46 min.;37;46;Pending;1;DocuSeries;English;2021-03-16T21:20:24.000-03:00;2021-10-02T00:28:21.226-03:00
First Team: Juventus;Sport;sport;2018-02-16T00:00:00.000-02:00;2 parts, 6 episodes;0;6;37–42 min.;37;42;Pending;1;DocuSeries;English;2021-03-16T21:20:24.000-03:00;2021-10-02T00:28:21.959-03:00
Last Chance U;Sport;sport;2016-07-29T00:00:00.000-03:00;3 parts, 23 episodes;0;23;50–76 min.;50;76;Renewed;1;DocuSeries;English;2021-03-16T21:20:24.000-03:00;2021-10-02T00:28:22.517-03:00
Made In Mexico;Spanish language reality series;spanish,language,reality,series;2018-09-28T00:00:00.000-03:00;1 season, 8 episodes;1;8;45–54 min.;45;54;Pending;1;Reality;English;2021-03-16T21:20:24.000-03:00;2021-10-02T00:28:23.239-03:00
What/If;Social thriller anthology;social,thriller,anthology;2019-05-24T00:00:00.000-03:00;1 part, 10 episodes;0;10;44–58 min.;44;58;Pending;1;Drama;English;2021-03-16T21:20:24.000-03:00;2021-10-02T00:28:17.490-03:00
I Think You Should Leave with Tim Robinson;Sketch comedy;sketch,comedy;2019-04-23T00:00:00.000-03:00;1 season, 6 episodes;1;6;16–18 min.;16;18;Renewed;1;Comedy;English;2021-03-16T21:20:24.000-03:00;2021-10-02T00:28:22.867-03:00
Fuller House;Sitcom;sitcom;2016-02-26T00:00:00.000-03:00;4 seasons, 57 episodes;4;57;24–36 min.;24;36;Renewed;1;Comedy;English;2021-03-16T21:20:24.000-03:00;2021-10-02T00:28:15.711-03:00
No Good Nick;Sitcom;sitcom;2019-04-15T00:00:00.000-03:00;1 part, 10 episodes;0;10;26–32 min.;26;32;Renewed;1;Children;English;2021-03-16T21:20:24.000-03:00;2021-10-02T00:28:16.405-03:00
The Ranch;Sitcom;sitcom;2016-04-01T00:00:00.000-03:00;6 parts, 60 episodes;0;60;25–36 min.;25;36;Renewed;1;Comedy;English;2021-03-16T21:20:24.000-03:00;2021-10-02T00:28:18.323-03:00
Alexa & Katie;Sitcom;sitcom;2018-03-23T00:00:00.000-03:00;2 seasons, 23 episodes;2;23;22–30 min.;22;30;Renewed;1;Children;English;2021-03-16T21:20:24.000-03:00;2021-10-02T00:28:18.684-03:00
Prince of Peoria;Sitcom;sitcom;2018-11-16T00:00:00.000-02:00;2 parts, 16 episodes;0;16;24–28 min.;24;28;Pending;1;Children;English;2021-03-16T21:20:24.000-03:00;2021-10-02T00:28:20.706-03:00
F Is for Family;Sitcom;sitcom;2015-12-18T00:00:00.000-02:00;3 seasons, 26 episodes;3;26;25–28 min.;25;28;Renewed;1;Animation;English;2021-03-16T21:20:24.000-03:00;2021-10-02T00:28:23.396-03:00
Another Life;Science-fiction;science-fiction;2019-07-25T00:00:00.000-03:00;a ser anunciado;0;0;TBA;0;0;Pending;1;Drama;English;2021-03-16T21:20:24.000-03:00;2021-10-02T00:28:22.419-03:00
Greenhouse Academy;Science fiction/teen drama;science-fiction,teen,drama;2017-09-08T00:00:00.000-03:00;2 seasons, 24 episodes;2;24;21–28 min.;21;28;Renewed;1;Children;English;2021-03-16T21:20:24.000-03:00;2021-10-02T00:28:16.115-03:00
Stranger Things;Science fiction/horror;science-fiction,horror;2016-07-15T00:00:00.000-03:00;2 seasons, 17 episodes;2;17;42–62 min.;42;62;Renewed;1;Drama;English;2021-03-16T21:20:24.000-03:00;2021-10-02T00:28:20.981-03:00
Osmosis;Science fiction/drama;science-fiction,drama;2019-03-29T00:00:00.000-03:00;1 season, 8 episodes;1;8;41–45 min.;41;45;Pending;1;ForeignLanguage;French;2021-03-16T21:20:24.000-03:00;2021-10-02T00:28:22.720-03:00
0.03;Science fiction;science-fiction;2016-11-25T00:00:00.000-02:00;3 seasons, 26 episodes;3;26;38–51 min.;38;51;Pending;1;ForeignLanguage;Portuguese;2021-03-16T21:20:24.000-03:00;2021-10-02T00:28:16.960-03:00
Altered Carbon;Science fiction;science-fiction;2018-02-02T00:00:00.000-02:00;1 season, 10 episodes;1;10;46–66 min.;46;66;Renewed;1;Drama;English;2021-03-16T21:20:24.000-03:00;2021-10-02T00:28:18.791-03:00
Dark;Science fiction;science-fiction;2017-12-01T00:00:00.000-02:00;2 seasons, 18 episodes;2;18;45–61 min.;45;61;Renewed;1;ForeignLanguage;German;2021-03-16T21:20:24.000-03:00;2021-10-02T00:28:19.912-03:00
7 Seeds;Science fiction;science-fiction;2019-06-28T00:00:00.000-03:00;a ser anunciado;0;0;TBA;0;0;Pending;1;Anime;English;2021-03-16T21:20:24.000-03:00;2021-10-02T00:28:20.259-03:00
Ultraman;Science fiction;science-fiction;2019-04-01T00:00:00.000-03:00;1 season, 13 episodes;1;13;23–25 min.;23;25;Renewed;1;Anime;English;2021-03-16T21:20:24.000-03:00;2021-10-02T00:28:20.800-03:00
Lost in Space;Science fiction;science-fiction;2018-04-13T00:00:00.000-03:00;1 season, 10 episodes;1;10;48–66 min.;48;66;Renewed;1;Drama;English;2021-03-16T21:20:24.000-03:00;2021-10-02T00:28:21.024-03:00
Dear White People;Satire/Drama;satire,drama;2017-04-28T00:00:00.000-03:00;2 volumes, 20 episodes;0;20;21–36 min.;21;36;Renewed;1;Comedy;English;2021-03-16T21:20:24.000-03:00;2021-10-02T00:28:20.560-03:00
The Hook Up Plan;Romantic comedy;romantic,comedy;2018-12-07T00:00:00.000-02:00;1 season, 8 episodes;1;8;24–29 min.;24;29;Renewed;1;ForeignLanguage;French;2021-03-16T21:20:24.000-03:00;2021-10-02T00:28:23.114-03:00
My First First Love;Romantic comedy;romantic,comedy;2019-04-18T00:00:00.000-03:00;1 season, 8 episodes;1;8;46–56 min.;46;56;Renewed;1;ForeignLanguage;Korean;2021-03-16T21:20:24.000-03:00;2021-10-02T00:28:23.071-03:00
Love Alarm;Romantic comedy;romantic,comedy;2019-08-22T00:00:00.000-03:00;a ser anunciado;0;0;TBA;0;0;Pending;1;ForeignLanguage;Korean;2021-03-16T21:20:24.000-03:00;2021-10-02T00:28:23.220-03:00
Flinch;Reality television/game show;reality,television,game,show;2019-05-03T00:00:00.000-03:00;1 season, 10 episodes;1;10;20–25 min.;20;25;Pending;1;Reality;English;2021-03-16T21:20:24.000-03:00;2021-10-02T00:28:22.871-03:00
Awake: The Million Dollar Game;Reality television;reality,television;2019-06-14T00:00:00.000-03:00;1 season, 8 episodes;1;8;35–41 min.;35;41;Pending;1;Reality;English;2021-03-16T21:20:24.000-03:00;2021-10-02T00:28:21.269-03:00
Jailbirds;Reality television;reality,television;2019-05-10T00:00:00.000-03:00;1 season, 10 episodes;1;10;37–47 min.;37;47;Pending;1;Reality;English;2021-03-16T21:20:24.000-03:00;2021-10-02T00:28:22.249-03:00
Tidying Up with Marie Kondo;Reality show;reality,show;2019-01-01T00:00:00.000-02:00;1 season, 8 episodes;1;8;35–47 min.;35;47;Pending;1;Reality;English;2021-03-16T21:20:24.000-03:00;2021-10-02T00:28:23.072-03:00
Nailed It! Holiday;Reality competition;reality,competition;2018-12-07T00:00:00.000-02:00;1 season, 7 episodes;1;7;33–35 min.;33;35;Pending;1;Reality;English;2021-03-16T21:20:24.000-03:00;2021-10-02T00:28:16.828-03:00
Amazing Interiors;Reality;reality;2018-07-20T00:00:00.000-03:00;1 season, 12 episodes;1;12;21–28 min.;21;28;Pending;1;Reality;English;2021-03-16T21:20:24.000-03:00;2021-10-02T00:28:15.555-03:00
Death by Magic;Reality;reality;2018-11-30T00:00:00.000-02:00;1 season, 8 episodes;1;8;31–39 min.;31;39;Pending;1;Reality;English;2021-03-16T21:20:24.000-03:00;2021-10-02T00:28:16.364-03:00
Stay Here;Reality;reality;2018-08-17T00:00:00.000-03:00;1 season, 8 episodes;1;8;31–33 min.;31;33;Pending;1;Reality;English;2021-03-16T21:20:24.000-03:00;2021-10-02T00:28:17.512-03:00
Dating Around;Reality;reality;2019-02-14T00:00:00.000-02:00;1 season, 6 episodes;1;6;24–30 min.;24;30;Pending;1;Reality;English;2021-03-16T21:20:24.000-03:00;2021-10-02T00:28:17.733-03:00
First and Last;Reality;reality;2018-09-07T00:00:00.000-03:00;1 season, 6 episodes;1;6;38–43 min.;38;43;Pending;1;Reality;English;2021-03-16T21:20:24.000-03:00;2021-10-02T00:28:18.033-03:00
Selling Sunset;Reality;reality;2019-03-22T00:00:00.000-03:00;1 season, 8 episodes;1;8;28–42 min.;28;42;Pending;1;Reality;English;2021-03-16T21:20:24.000-03:00;2021-10-02T00:28:18.903-03:00
Nailed It! Mexico;Reality;reality;2019-02-08T00:00:00.000-02:00;1 season, 6 episodes;1;6;32–34 min.;32;34;Pending;1;Reality;English;2021-03-16T21:20:24.000-03:00;2021-10-02T00:28:20.329-03:00
Battlefish;Reality;reality;2018-09-21T00:00:00.000-03:00;1 season, 8 episodes;1;8;38–46 min.;38;46;Pending;1;Reality;English;2021-03-16T21:20:24.000-03:00;2021-10-02T00:28:22.836-03:00
Magic for Humans;Reality;reality;2018-08-17T00:00:00.000-03:00;1 season, 6 episodes;1;6;22–25 min.;22;25;Renewed;1;Reality;English;2021-03-16T21:20:24.000-03:00;2021-10-02T00:28:23.777-03:00
The Rain;Post-apocalyptic drama;post-apocalyptic,drama;2018-05-04T00:00:00.000-03:00;2 seasons, 14 episodes;2;14;36–49 min.;36;49;Renewed;1;ForeignLanguage;Danish;2021-03-16T21:20:24.000-03:00;2021-10-02T00:28:23.440-03:00
Ingobernable;Political drama;political,drama;2017-03-24T00:00:00.000-03:00;2 seasons, 27 episodes;2;27;32–50 min.;32;50;Pending;1;ForeignLanguage;Spanish;2021-03-16T21:20:24.000-03:00;2021-10-02T00:28:21.673-03:00
Delhi Crime;Police procedural;police,procedural;2019-03-22T00:00:00.000-03:00;1 season, 7 episodes;1;7;45–64 min.;45;64;Pending;1;ForeignLanguage;Hindi;2021-03-16T21:20:24.000-03:00;2021-10-02T00:28:18.243-03:00
Most Beautiful Thing;Period drama;period,drama;2019-03-22T00:00:00.000-03:00;1 season, 7 episodes;1;7;35–56 min.;35;56;Renewed;1;ForeignLanguage;Portuguese;2021-03-16T21:20:24.000-03:00;2021-10-02T00:28:21.620-03:00
Cable Girls;Period drama;period,drama;2017-04-28T00:00:00.000-03:00;3 seasons, 24 episodes;3;24;41–63 min.;41;63;Renewed;1;ForeignLanguage;Spanish;2021-03-16T21:20:24.000-03:00;2021-10-02T00:28:22.358-03:00
The Fix;Panel show;panel,show;2018-12-14T00:00:00.000-02:00;1 season, 10 episodes;1;10;23–31 min.;23;31;Pending;1;VarietyTalk;English;2021-03-16T21:20:24.000-03:00;2021-10-02T00:28:20.565-03:00
72 Dangerous Animals: Asia;Nature;nature;2018-08-10T00:00:00.000-03:00;1 season, 12 episodes;1;12;44–48 min.;44;48;Pending;1;DocuSeries;English;2021-03-16T21:20:24.000-03:00;2021-10-02T00:28:20.663-03:00
High Seas;Mystery period drama;mystery,period,drama;2019-05-24T00:00:00.000-03:00;1 season, 8 episodes;1;8;39–49 min.;39;49;Renewed;1;ForeignLanguage;Spanish;2021-03-16T21:20:24.000-03:00;2021-10-02T00:28:16.152-03:00
The Society;Mystery drama;mystery,drama;2019-05-10T00:00:00.000-03:00;1 season, 10 episodes;1;10;49–61 min.;49;61;Pending;1;Drama;English;2021-03-16T21:20:24.000-03:00;2021-10-02T00:28:18.264-03:00
The OA;Mystery;mystery;2016-12-16T00:00:00.000-02:00;2 parts, 16 episodes;0;16;31–71 min.;31;71;Pending;1;Drama;English;2021-03-16T21:20:24.000-03:00;2021-10-02T00:28:18.031-03:00
Go! Live Your Way;Musical;musical;2019-02-22T00:00:00.000-03:00;2 seasons, 30 episodes;2;30;36–44 min.;36;44;Pending;1;ForeignLanguage;Spanish;2021-03-16T21:20:24.000-03:00;2021-10-02T00:28:18.578-03:00
Westside;Music;music;2018-11-09T00:00:00.000-02:00;1 season, 8 episodes;1;8;46–58 min.;46;58;Pending;1;Reality;English;2021-03-16T21:20:24.000-03:00;2021-10-02T00:28:22.247-03:00
Fastest Car;Motoring television series;motoring,television,series;2018-04-06T00:00:00.000-03:00;1 season, 8 episodes;1;8;43–52 min.;43;52;Renewed;1;Reality;English;2021-03-16T21:20:24.000-03:00;2021-10-02T00:28:22.310-03:00
Car Masters: Rust to Riches;Motoring television series;motoring,television,series;2018-09-14T00:00:00.000-03:00;1 season, 8 episodes;1;8;31–40 min.;31;40;Pending;1;Reality;English;2021-03-16T21:20:24.000-03:00;2021-10-02T00:28:23.401-03:00
Trailer Park Boys: The Animated Series;Mockumentary;mockumentary;2019-03-31T00:00:00.000-03:00;1 season, 10 episodes;1;10;24–25 min.;24;25;Pending;1;Animation;English;2021-03-16T21:20:24.000-03:00;2021-10-02T00:28:21.668-03:00
Disenchantment;Medieval fantasy comedy;medieval,fantasy,comedy;2018-08-17T00:00:00.000-03:00;1 part, 10 episodes;0;10;27–36 min.;27;36;Renewed;1;Animation;English;2021-03-16T21:20:24.000-03:00;2021-10-02T00:28:20.143-03:00
Baki;Martial arts;martial,arts;2018-06-25T00:00:00.000-03:00;2 parts, 26 episodes;0;26;23–24 min.;23;24;Renewed;1;Anime;English;2021-03-16T21:20:24.000-03:00;2021-10-02T00:28:21.816-03:00
Queer Eye;Makeover reality;makeover,reality;2018-02-07T00:00:00.000-02:00;3 seasons, 24 episodes;3;24;43–52 min.;43;52;Renewed;1;Reality;English;2021-03-16T21:20:24.000-03:00;2021-10-02T00:28:20.645-03:00
The Break with Michelle Wolf;Late-night;late-night;2018-05-27T00:00:00.000-03:00;1 season, 10 episodes;1;10;27 min.;27;27;Renewed;1;VarietyTalk;English;2021-03-16T21:20:24.000-03:00;2021-10-02T00:28:20.647-03:00
Busted!;Korean language variety show;korean,language,variety,show;2018-05-04T00:00:00.000-03:00;1 season, 10 episodes;1;10;75–98 min.;75;98;Renewed;1;VarietyTalk;Korean;2021-03-16T21:20:24.000-03:00;2021-10-02T00:28:18.235-03:00
My Next Guest Needs No Introduction with David Letterman;Interview;interview;2018-01-12T00:00:00.000-02:00;2 seasons, 12 episodes;2;12;41–58 min.;41;58;Pending;1;VarietyTalk;English;2021-03-16T21:20:24.000-03:00;2021-10-02T00:28:19.071-03:00
13 Reasons Why: Beyond the Reasons;Interview;interview;2017-03-31T00:00:00.000-03:00;2 seasons, 2 episodes;2;2;29–67 min.;29;67;Pending;1;DocuSeries;English;2021-03-16T21:20:24.000-03:00;2021-10-02T00:28:21.223-03:00
You vs. Wild;Interactive Reality;interactive,reality;2019-04-10T00:00:00.000-03:00;1 season, 8 episodes;1;8;14–26 min.;14;26;Pending;1;Reality;English;2021-03-16T21:20:24.000-03:00;2021-10-02T00:28:18.905-03:00
Diablero;Horror fantasy thriller;horror,fantasy,thriller;2018-12-21T00:00:00.000-02:00;1 season, 8 episodes;1;8;36–44 min.;36;44;Renewed;1;ForeignLanguage;Spanish;2021-03-16T21:20:24.000-03:00;2021-10-02T00:28:21.907-03:00
The Haunting;Horror anthology;horror,anthology;2018-10-12T00:00:00.000-03:00;1 season, 10 episodes;1;10;43–71 min.;43;71;Renewed;1;Drama;English;2021-03-16T21:20:24.000-03:00;2021-10-02T00:28:17.668-03:00
Haunted;Horror;horror;2018-10-19T00:00:00.000-03:00;1 season, 6 episodes;1;6;20–31 min.;20;31;Pending;1;Reality;English;2021-03-16T21:20:24.000-03:00;2021-10-02T00:28:18.543-03:00
Typewriter;Horror;horror;2019-07-19T00:00:00.000-03:00;a ser anunciado;0;0;TBA;0;0;Pending;1;ForeignLanguage;Hindi;2021-03-16T21:20:24.000-03:00;2021-10-02T00:28:22.747-03:00
The Crown;Historical drama;historical,drama;2016-11-04T00:00:00.000-02:00;2 seasons, 20 episodes;2;20;54–61 min.;54;61;Renewed;1;Drama;English;2021-03-16T21:20:24.000-03:00;2021-10-02T00:28:17.588-03:00
Roman Empire;Historical drama;historical,drama;2016-11-11T00:00:00.000-02:00;3 seasons, 15 episodes;3;15;38–48 min.;38;48;Pending;1;DocuSeries;English;2021-03-16T21:20:24.000-03:00;2021-10-02T00:28:23.336-03:00
Jinn;Fantasy adventure;fantasy,adventure;2019-06-13T00:00:00.000-03:00;1 season, 5 episodes;1;5;25–47 min.;25;47;Pending;1;ForeignLanguage;Arabic;2021-03-16T21:20:24.000-03:00;2021-10-02T00:28:21.402-03:00
Kingdom;Fantasy;fantasy;2019-01-25T00:00:00.000-02:00;1 season, 6 episodes;1;6;44–57 min.;44;57;Renewed;1;ForeignLanguage;Korean;2021-03-16T21:20:24.000-03:00;2021-10-02T00:28:18.233-03:00
The Dark Crystal: Age of Resistance;Fantasy;fantasy;2019-08-30T00:00:00.000-03:00;1 season, 10 episodes;1;10;TBA;0;0;Pending;1;Drama;English;2021-03-16T21:20:24.000-03:00;2021-10-02T00:28:21.666-03:00
Brainchild;Educational;educational;2018-11-02T00:00:00.000-03:00;1 season, 13 episodes;1;13;22–25 min.;22;25;Pending;1;Children;English;2021-03-16T21:20:24.000-03:00;2021-10-02T00:28:22.745-03:00
The Who Was? Show;Educational;educational;2018-05-11T00:00:00.000-03:00;1 season, 13 episodes;1;13;23–27 min.;23;27;Pending;1;Children;English;2021-03-16T21:20:24.000-03:00;2021-10-02T00:28:23.333-03:00
The Naked Director;Drama;drama;2019-08-08T00:00:00.000-03:00;a ser anunciado;0;0;TBA;0;0;Pending;1;ForeignLanguage;Japanese;2021-03-16T21:20:24.000-03:00;2021-10-02T00:28:16.924-03:00
Selection Day;Drama;drama;2018-12-28T00:00:00.000-02:00;1 season, 12 episodes;1;12;19–28 min.;19;28;Pending;1;ForeignLanguage;Hindi;2021-03-16T21:20:24.000-03:00;2021-10-02T00:28:17.144-03:00
Sintonia;Drama;drama;2019-08-09T00:00:00.000-03:00;a ser anunciado;0;0;TBA;0;0;Pending;1;ForeignLanguage;Portuguese;2021-03-16T21:20:24.000-03:00;2021-10-02T00:28:19.570-03:00
Yankee;Drama;drama;2019-06-14T00:00:00.000-03:00;1 season, 25 episodes;1;25;36–44 min.;36;44;Pending;1;ForeignLanguage;Spanish;2021-03-16T21:20:24.000-03:00;2021-10-02T00:28:19.620-03:00
Leila;Drama;drama;2019-06-14T00:00:00.000-03:00;1 season, 6 episodes;1;6;40–54 min.;40;54;Pending;1;ForeignLanguage;Hindi;2021-03-16T21:20:24.000-03:00;2021-10-02T00:28:19.771-03:00
The Ponysitters Club;Drama;drama;2018-08-10T00:00:00.000-03:00;2 seasons, 20 episodes;2;20;23 min.;23;23;Pending;1;Children;English;2021-03-16T21:20:24.000-03:00;2021-10-02T00:28:21.335-03:00
Sacred Games;Drama;drama;2018-07-06T00:00:00.000-03:00;1 season, 8 episodes;1;8;43–55 min.;43;55;Renewed;1;ForeignLanguage;Hindi;2021-03-16T21:20:24.000-03:00;2021-10-02T00:28:21.443-03:00
Baby;Drama;drama;2018-11-30T00:00:00.000-02:00;1 season, 6 episodes;1;6;40–49 min.;40;49;Renewed;1;ForeignLanguage;Italian;2021-03-16T21:20:24.000-03:00;2021-10-02T00:28:21.445-03:00
Dogs of Berlin;Drama;drama;2018-12-07T00:00:00.000-02:00;1 season, 10 episodes;1;10;51–62 min.;51;62;Pending;1;ForeignLanguage;German;2021-03-16T21:20:24.000-03:00;2021-10-02T00:28:21.427-03:00
Dirty Money;Documentary;documentary;2018-01-26T00:00:00.000-02:00;1 season, 6 episodes;1;6;50–77 min.;50;77;Renewed;1;DocuSeries;English;2021-03-16T21:20:24.000-03:00;2021-10-02T00:28:20.031-03:00
The Toys That Made Us;Documentary;documentary;2017-12-22T00:00:00.000-02:00;2 seasons, 8 episodes;2;8;43–51 min.;43;51;Renewed;1;DocuSeries;English;2021-03-16T21:20:24.000-03:00;2021-10-02T00:28:20.536-03:00
Dope;Documentary;documentary;2017-12-22T00:00:00.000-02:00;2 seasons, 8 episodes;2;8;43–48 min.;43;48;Renewed;1;DocuSeries;English;2021-03-16T21:20:24.000-03:00;2021-10-02T00:28:22.108-03:00
Girls Incarcerated;Documentary;documentary;2018-03-02T00:00:00.000-03:00;2 seasons, 16 episodes;2;16;37–47 min.;37;47;Pending;1;DocuSeries;English;2021-03-16T21:20:24.000-03:00;2021-10-02T00:28:22.952-03:00
Afflicted;Docu-series;docu-series;2018-08-10T00:00:00.000-03:00;1 season, 7 episodes;1;7;37–46 min.;37;46;Pending;1;DocuSeries;English;2021-03-16T21:20:24.000-03:00;2021-10-02T00:28:16.088-03:00
Trigger Warning with Killer Mike;Docu-series;docu-series;2019-01-18T00:00:00.000-02:00;1 season, 6 episodes;1;6;22–27 min.;22;27;Pending;1;DocuSeries;English;2021-03-16T21:20:24.000-03:00;2021-10-02T00:28:17.731-03:00
Boca Juniors Confidential;Docu-series;docu-series;2018-09-14T00:00:00.000-03:00;1 season, 4 episodes;1;4;40–44 min.;40;44;Pending;1;DocuSeries;English;2021-03-16T21:20:24.000-03:00;2021-10-02T00:28:17.679-03:00
7 Days Out;Docu-series;docu-series;2018-12-21T00:00:00.000-02:00;1 season, 6 episodes;1;6;47–48 min.;47;48;Pending;1;DocuSeries;English;2021-03-16T21:20:24.000-03:00;2021-10-02T00:28:20.069-03:00
Medal of Honor;Docu-series;docu-series;2018-11-09T00:00:00.000-02:00;1 season, 8 episodes;1;8;46–61 min.;46;61;Pending;1;DocuSeries;English;2021-03-16T21:20:24.000-03:00;2021-10-02T00:28:20.710-03:00
Dogs;Docu-series;docu-series;2018-11-16T00:00:00.000-02:00;1 season, 6 episodes;1;6;50–53 min.;50;53;Renewed;1;DocuSeries;English;2021-03-16T21:20:24.000-03:00;2021-10-02T00:28:20.711-03:00
Terrorism Close Calls;Docu-series;docu-series;2018-10-26T00:00:00.000-03:00;1 season, 10 episodes;1;10;47–49 min.;47;49;Pending;1;DocuSeries;English;2021-03-16T21:20:24.000-03:00;2021-10-02T00:28:20.969-03:00
Vai Anitta;Docu-series;docu-series;2018-11-16T00:00:00.000-02:00;1 season, 6 episodes;1;6;25–35 min.;25;35;Pending;1;DocuSeries;English;2021-03-16T21:20:24.000-03:00;2021-10-02T00:28:21.225-03:00
Marching Orders;Docu-series;docu-series;2018-08-03T00:00:00.000-03:00;1 season, 12 episodes;1;12;9–14 min.;9;14;Pending;1;DocuSeries;English;2021-03-16T21:20:24.000-03:00;2021-10-02T00:28:21.447-03:00
Inside the Real Narcos;Docu-series;docu-series;2018-12-14T00:00:00.000-02:00;1 season, 3 episodes;1;3;45–46 min.;45;46;Pending;1;DocuSeries;English;2021-03-16T21:20:24.000-03:00;2021-10-02T00:28:22.536-03:00
Killer Ratings;Docu-series;docu-series;2019-05-31T00:00:00.000-03:00;1 season, 7 episodes;1;7;42–58 min.;42;58;Pending;1;DocuSeries;English;2021-03-16T21:20:24.000-03:00;2021-10-02T00:28:22.629-03:00
The Last Czars;Docu-series;docu-series;2019-07-03T00:00:00.000-03:00;a ser anunciado;0;0;TBA;0;0;Pending;1;DocuSeries;English;2021-03-16T21:20:24.000-03:00;2021-10-02T00:28:23.238-03:00
Explained;Docu-series;docu-series;2018-05-23T00:00:00.000-03:00;1 season, 20 episodes;1;20;14–20 min.;14;20;Renewed;1;DocuSeries;English;2021-03-16T21:20:24.000-03:00;2021-10-02T00:28:23.651-03:00
Larry Charles: The Dangerous World of Comedy;Docu-series;docu-series;2019-02-15T00:00:00.000-02:00;1 season, 4 episodes;1;4;51–66 min.;51;66;Pending;1;DocuSeries;English;2021-03-16T21:20:24.000-03:00;2021-10-02T00:28:23.818-03:00
Castlevania;Dark fantasy;dark,fantasy;2017-07-07T00:00:00.000-03:00;2 seasons, 12 episodes;2;12;23–29 min.;23;29;Renewed;1;Anime;English;2021-03-16T21:20:24.000-03:00;2021-10-02T00:28:19.483-03:00
Insatiable;Dark comedy-drama;dark,comedy-drama;2018-08-10T00:00:00.000-03:00;1 season, 12 episodes;1;12;40–53 min.;40;53;Renewed;1;Drama;English;2021-03-16T21:20:24.000-03:00;2021-10-02T00:28:21.026-03:00
Dead to Me;Dark comedy-drama;dark,comedy-drama;2019-05-03T00:00:00.000-03:00;1 season, 10 episodes;1;10;26–33 min.;26;33;Renewed;1;Comedy;English;2021-03-16T21:20:24.000-03:00;2021-10-02T00:28:22.532-03:00
Bonding;Dark comedy;dark,comedy;2019-04-24T00:00:00.000-03:00;1 season, 7 episodes;1;7;13–17 min.;13;17;Pending;1;Comedy;English;2021-03-16T21:20:24.000-03:00;2021-10-02T00:28:20.798-03:00
How to Sell Drugs Online (Fast);Dark comedy;dark,comedy;2019-05-31T00:00:00.000-03:00;1 season, 6 episodes;1;6;24–32 min.;24;32;Pending;1;ForeignLanguage;German;2021-03-16T21:20:24.000-03:00;2021-10-02T00:28:21.822-03:00
The Final Table;Culinary competition;culinary,competition;2018-11-20T00:00:00.000-02:00;1 season, 10 episodes;1;10;48–60 min.;48;60;Pending;1;Reality;English;2021-03-16T21:20:24.000-03:00;2021-10-02T00:28:20.161-03:00
Chef's Table;Culinary art;culinary,art;2015-04-26T00:00:00.000-03:00;6 volumes, 30 episodes;0;30;42–58 min.;42;58;Renewed;1;DocuSeries;English;2021-03-16T21:20:24.000-03:00;2021-10-02T00:28:20.802-03:00
The Chef Show;Culinary art;culinary,art;2019-06-07T00:00:00.000-03:00;1 season, 8 episodes;1;8;26–33 min.;26;33;Pending;1;DocuSeries;English;2021-03-16T21:20:24.000-03:00;2021-10-02T00:28:22.021-03:00
Street Food;Culinary art;culinary,art;2019-04-26T00:00:00.000-03:00;1 season, 9 episodes;1;9;30–34 min.;30;34;Pending;1;DocuSeries;English;2021-03-16T21:20:24.000-03:00;2021-10-02T00:28:23.399-03:00
Élite;Crime teen drama;crime,teen,drama;2018-10-05T00:00:00.000-03:00;1 season, 8 episodes;1;8;47–56 min.;47;56;Renewed;1;ForeignLanguage;Spanish;2021-03-16T21:20:24.000-03:00;2021-10-02T00:28:17.952-03:00
Mindhunter;Crime drama;crime,drama;2017-10-13T00:00:00.000-03:00;1 season, 10 episodes;1;10;34–60 min.;34;60;Renewed;1;Drama;English;2021-03-16T21:20:24.000-03:00;2021-10-02T00:28:16.151-03:00
Suburra: Blood on Rome;Crime drama;crime,drama;2017-10-06T00:00:00.000-03:00;2 seasons, 18 episodes;2;18;42–62 min.;42;62;Renewed;1;ForeignLanguage;Italian;2021-03-16T21:20:24.000-03:00;2021-10-02T00:28:16.826-03:00
Wild District;Crime drama;crime,drama;2018-10-19T00:00:00.000-03:00;1 season, 10 episodes;1;10;40–48 min.;40;48;Renewed;1;ForeignLanguage;Spanish;2021-03-16T21:20:24.000-03:00;2021-10-02T00:28:17.256-03:00
Quicksand;Crime drama;crime,drama;2019-04-05T00:00:00.000-03:00;1 season, 6 episodes;1;6;41–49 min.;41;49;Pending;1;ForeignLanguage;Swedish;2021-03-16T21:20:24.000-03:00;2021-10-02T00:28:19.769-03:00
Ozark;Crime drama;crime,drama;2017-07-21T00:00:00.000-03:00;2 seasons, 20 episodes;2;20;52–80 min.;52;80;Renewed;1;Drama;English;2021-03-16T21:20:24.000-03:00;2021-10-02T00:28:20.982-03:00
Narcos: Mexico;Crime drama;crime,drama;2018-11-16T00:00:00.000-02:00;1 season, 10 episodes;1;10;55–70 min.;55;70;Renewed;1;Drama;English;2021-03-16T21:20:24.000-03:00;2021-10-02T00:28:21.045-03:00
The Mechanism;Crime drama;crime,drama;2018-03-23T00:00:00.000-03:00;2 seasons, 16 episodes;2;16;39–55 min.;39;55;Pending;1;ForeignLanguage;Portuguese;2021-03-16T21:20:24.000-03:00;2021-10-02T00:28:21.522-03:00
Making a Murderer;Crime drama;crime,drama;2015-12-18T00:00:00.000-02:00;2 parts, 20 episodes;0;20;47–77 min.;47;77;Pending;1;DocuSeries;English;2021-03-16T21:20:24.000-03:00;2021-10-02T00:28:23.334-03:00
Hero Mask;Crime;crime;2018-12-03T00:00:00.000-02:00;1 season, 15 episodes;1;15;25 min.;0;0;Pending;1;Anime;English;2021-03-16T21:20:24.000-03:00;2021-10-02T00:28:15.712-03:00
Ultimate Beastmaster;Competition;competition;2017-02-24T00:00:00.000-03:00;3 seasons, 29 episodes;3;29;41–84 min.;41;84;Pending;1;Reality;English;2021-03-16T21:20:24.000-03:00;2021-10-02T00:28:16.407-03:00
Nailed It!;Competition;competition;2018-03-09T00:00:00.000-03:00;3 seasons, 19 episodes;3;19;12–35 min.;12;35;Pending;1;Reality;English;2021-03-16T21:20:24.000-03:00;2021-10-02T00:28:23.442-03:00
Trinkets;Coming-of-age drama;coming-of-age,drama;2019-06-14T00:00:00.000-03:00;1 season, 10 episodes;1;10;22–29 min.;22;29;Pending;1;Drama;English;2021-03-16T21:20:24.000-03:00;2021-10-02T00:28:18.792-03:00
Sex Education;Coming-of-age comedy-drama;coming-of-age,comedy-drama;2019-01-11T00:00:00.000-02:00;1 season, 8 episodes;1;8;47–53 min.;47;53;Renewed;1;Comedy;English;2021-03-16T21:20:24.000-03:00;2021-10-02T00:28:18.439-03:00
Atypical;Coming-of-age comedy;coming-of-age,comedy;2017-08-11T00:00:00.000-03:00;2 seasons, 18 episodes;2;18;26–38 min.;26;38;Renewed;1;Comedy;English;2021-03-16T21:20:24.000-03:00;2021-10-02T00:28:18.689-03:00
On My Block;Coming-of-age comedy;coming-of-age,comedy;2018-03-16T00:00:00.000-03:00;2 seasons, 20 episodes;2;20;23–32 min.;23;32;Renewed;1;Comedy;English;2021-03-16T21:20:24.000-03:00;2021-10-02T00:28:19.618-03:00
Big Mouth;Coming-of-age comedy;coming-of-age,comedy;2017-09-29T00:00:00.000-03:00;2 seasons, 21 episodes;2;21;25–46 min.;25;46;Renewed;1;Animation;English;2021-03-16T21:20:24.000-03:00;2021-10-02T00:28:23.774-03:00
Mystery Science Theater 3000: The Return;Comic science fiction;comic,science-fiction;2017-04-14T00:00:00.000-03:00;2 seasons, 20 episodes;2;20;86–94 min.;86;94;Pending;1;Comedy;English;2021-03-16T21:20:24.000-03:00;2021-10-02T00:28:22.626-03:00
She's Gotta Have It;Comedy-drama;comedy-drama;2017-11-23T00:00:00.000-02:00;2 seasons, 19 episodes;2;19;32–38 min.;32;38;Pending;1;Comedy;English;2021-03-16T21:20:24.000-03:00;2021-10-02T00:28:18.690-03:00
Grace and Frankie;Comedy-drama;comedy-drama;2015-05-08T00:00:00.000-03:00;5 seasons, 65 episodes;5;65;25–35 min.;25;35;Renewed;1;Comedy;English;2021-03-16T21:20:24.000-03:00;2021-10-02T00:28:21.217-03:00
Orange Is the New Black;Comedy-drama;comedy-drama;2013-07-11T00:00:00.000-03:00;6 seasons, 78 episodes;6;78;50–92 min.;50;92;Renewed;1;Drama;English;2021-03-16T21:20:24.000-03:00;2021-10-02T00:28:23.577-03:00
Jimmy: The True Story of a True Idiot;Comedy;comedy;2018-07-20T00:00:00.000-03:00;1 season, 9 episodes;1;9;39–64 min.;39;64;Pending;1;ForeignLanguage;Japanese;2021-03-16T21:20:24.000-03:00;2021-10-02T00:28:16.086-03:00
The Kominsky Method;Comedy;comedy;2018-11-16T00:00:00.000-02:00;1 season, 8 episodes;1;8;23–34 min.;23;34;Renewed;1;Comedy;English;2021-03-16T21:20:24.000-03:00;2021-10-02T00:28:16.359-03:00
After Life;Comedy;comedy;2019-03-08T00:00:00.000-03:00;1 season, 6 episodes;1;6;25–31 min.;25;31;Renewed;1;Comedy;English;2021-03-16T21:20:24.000-03:00;2021-10-02T00:28:16.613-03:00
Samantha!;Comedy;comedy;2018-07-06T00:00:00.000-03:00;2 seasons, 14 episodes;2;14;25–37 min.;25;37;Pending;1;ForeignLanguage;Portuguese;2021-03-16T21:20:24.000-03:00;2021-10-02T00:28:16.537-03:00
The House of Flowers;Comedy;comedy;2018-08-10T00:00:00.000-03:00;1 season, 13 episodes;1;13;27–37 min.;27;37;Renewed;1;ForeignLanguage;Spanish;2021-03-16T21:20:24.000-03:00;2021-10-02T00:28:16.697-03:00
Family Reunion[64];Comedy;comedy;2019-07-10T00:00:00.000-03:00;a ser anunciado;0;0;TBA;0;0;Pending;1;Comedy;English;2021-03-16T21:20:24.000-03:00;2021-10-02T00:28:17.510-03:00
YG Future Strategy Office;Comedy;comedy;2018-10-05T00:00:00.000-03:00;1 season, 8 episodes;1;8;20–29 min.;20;29;Pending;1;ForeignLanguage;Korean;2021-03-16T21:20:24.000-03:00;2021-10-02T00:28:17.729-03:00
Malibu Rescue: The Series;Comedy;comedy;2019-06-03T00:00:00.000-03:00;1 season, 8 episodes;1;8;22–26 min.;22;26;Pending;1;Children;English;2021-03-16T21:20:24.000-03:00;2021-10-02T00:28:18.880-03:00
GLOW;Comedy;comedy;2017-06-23T00:00:00.000-03:00;2 seasons, 20 episodes;2;20;27–46 min.;27;46;Renewed;1;Comedy;English;2021-03-16T21:20:24.000-03:00;2021-10-02T00:28:19.443-03:00
Special;Comedy;comedy;2019-04-12T00:00:00.000-03:00;1 season, 8 episodes;1;8;12–17 min.;12;17;Pending;1;Comedy;English;2021-03-16T21:20:24.000-03:00;2021-10-02T00:28:19.786-03:00
Lunatics;Comedy;comedy;2019-04-19T00:00:00.000-03:00;1 season, 10 episodes;1;10;33–38 min.;33;38;Pending;1;Comedy;English;2021-03-16T21:20:24.000-03:00;2021-10-02T00:28:19.788-03:00
Tuca & Bertie;Comedy;comedy;2019-05-03T00:00:00.000-03:00;1 season, 10 episodes;1;10;25–26 min.;25;26;Pending;1;Animation;English;2021-03-16T21:20:24.000-03:00;2021-10-02T00:28:20.272-03:00
Huge in France;Comedy;comedy;2019-04-12T00:00:00.000-03:00;1 season, 8 episodes;1;8;28–34 min.;28;34;Pending;1;Comedy;English;2021-03-16T21:20:24.000-03:00;2021-10-02T00:28:21.202-03:00
The Politician;Comedy;comedy;2019-09-27T00:00:00.000-03:00;a ser anunciado;0;0;TBA;0;0;Renewed;1;Comedy;English;2021-03-16T21:20:24.000-03:00;2021-10-02T00:28:21.426-03:00
Aggretsuko;Comedy;comedy;2018-04-20T00:00:00.000-03:00;2 seasons, 20 episodes;2;20;15–20 min.;15;20;Pending;1;Anime;English;2021-03-16T21:20:24.000-03:00;2021-10-02T00:28:21.691-03:00
Russian Doll;Comedy;comedy;2019-02-01T00:00:00.000-02:00;1 season, 8 episodes;1;8;25–30 min.;25;30;Renewed;1;Comedy;English;2021-03-16T21:20:24.000-03:00;2021-10-02T00:28:21.937-03:00
Turn Up Charlie;Comedy;comedy;2019-03-15T00:00:00.000-03:00;1 season, 8 episodes;1;8;25–29 min.;25;29;Pending;1;Comedy;English;2021-03-16T21:20:24.000-03:00;2021-10-02T00:28:21.938-03:00
Paradise PD;Comedy;comedy;2018-08-31T00:00:00.000-03:00;1 season, 10 episodes;1;10;27–30 min.;27;30;Renewed;1;Animation;English;2021-03-16T21:20:24.000-03:00;2021-10-02T00:28:22.106-03:00
Family Business;Comedy;comedy;2019-06-28T00:00:00.000-03:00;a ser anunciado;0;0;29 min.;0;0;Pending;1;ForeignLanguage;French;2021-03-16T21:20:24.000-03:00;2021-10-02T00:28:23.314-03:00
It's Bruno!;Comedy;comedy;2019-05-17T00:00:00.000-03:00;1 season, 8 episodes;1;8;12–21 min.;12;21;Pending;1;Comedy;English;2021-03-16T21:20:24.000-03:00;2021-10-02T00:28:23.394-03:00
Mr. Iglesias;Comedy;comedy;2019-06-21T00:00:00.000-03:00;1 season, 10 episodes;1;10;26–31 min.;26;31;Pending;1;Comedy;English;2021-03-16T21:20:24.000-03:00;2021-10-02T00:28:23.579-03:00
Dancing Queen;Celebrity;celebrity;2018-10-05T00:00:00.000-03:00;1 season, 8 episodes;1;8;38–46 min.;38;46;Pending;1;Reality;English;2021-03-16T21:20:24.000-03:00;2021-10-02T00:28:19.342-03:00
BoJack Horseman;Black comedy-drama;black,comedy-drama;2014-08-22T00:00:00.000-03:00;5 seasons, 61 episodes;5;61;25–26 min.;25;26;Renewed;1;Animation;English;2021-03-16T21:20:24.000-03:00;2021-10-02T00:28:21.639-03:00
Sugar Rush;Baking competition;baking,competition;2018-07-13T00:00:00.000-03:00;1 season, 8 episodes;1;8;51–55 min.;51;55;Renewed;1;Reality;English;2021-03-16T21:20:24.000-03:00;2021-10-02T00:28:20.261-03:00
Love, Death & Robots;Anthology;anthology;2019-03-15T00:00:00.000-03:00;1 volume, 18 episodes;0;18;6–17 min.;6;17;Renewed;1;Animation;English;2021-03-16T21:20:24.000-03:00;2021-10-02T00:28:21.442-03:00
Beyond Stranger Things;Aftershow;aftershow;2017-10-27T00:00:00.000-02:00;1 season, 7 episodes;1;7;15–25 min.;15;25;Pending;1;VarietyTalk;English;2021-03-16T21:20:24.000-03:00;2021-10-02T00:28:20.033-03:00
Knights of the Zodiac: Saint Seiya;Action;action;2019-07-19T00:00:00.000-03:00;a ser anunciado;0;0;TBA;0;0;Pending;1;Anime;English;2021-03-16T21:20:24.000-03:00;2021-10-02T00:28:17.366-03:00
Kengan Ashura;Action;action;2019-07-31T00:00:00.000-03:00;a ser anunciado;0;0;TBA;0;0;Pending;1;Anime;English;2021-03-16T21:20:24.000-03:00;2021-10-02T00:28:20.468-03:00
Popples;childrens-animation;childrens-animation;2015-10-30T00:00:00.000-02:00;3 seasons, 26 episodes;3;26;24 min.;24;24;Ended;0;Children;English;2021-03-16T21:20:24.000-03:00;2021-10-02T00:28:15.526-03:00
True: Wonderful Wishes;childrens-animation;childrens-animation;2018-06-15T00:00:00.000-03:00;1 season, 5 episodes;1;5;24 min.;24;24;Ended;0;Children;English;2021-03-16T21:20:24.000-03:00;2021-10-02T00:28:15.924-03:00
Voltron: Legendary Defender;childrens-animation;childrens-animation;2016-06-10T00:00:00.000-03:00;8 seasons, 78 episodes;8;78;23–68 min.;23;68;Ended;0;Children;English;2021-03-16T21:20:24.000-03:00;2021-10-02T00:28:16.338-03:00
VeggieTales in the City;childrens-animation;childrens-animation;2017-02-24T00:00:00.000-03:00;2 seasons, 26 episodes;2;26;23 min.;23;23;Ended;0;Children;English;2021-03-16T21:20:24.000-03:00;2021-10-02T00:28:16.648-03:00
All Hail King Julien: Exiled;childrens-animation;childrens-animation;2017-05-12T00:00:00.000-03:00;1 season, 13 episodes;1;13;23 min.;23;23;Ended;0;Children;English;2021-03-16T21:20:24.000-03:00;2021-10-02T00:28:16.614-03:00
Dinotrux;childrens-animation;childrens-animation;2015-08-14T00:00:00.000-03:00;5 seasons, 52 episodes;5;52;23 min.;23;23;Ended;0;Children;English;2021-03-16T21:20:24.000-03:00;2021-10-02T00:28:16.536-03:00
The Adventures of Puss in Boots;childrens-animation;childrens-animation;2015-01-16T00:00:00.000-02:00;6 seasons, 78 episodes;6;78;22–24 min.;22;24;Ended;0;Children;English;2021-03-16T21:20:24.000-03:00;2021-10-02T00:28:16.680-03:00
Luna Petunia;childrens-animation;childrens-animation;2016-12-09T00:00:00.000-02:00;3 seasons, 22 episodes;3;22;23–24 min.;23;24;Ended;0;Children;English;2021-03-16T21:20:24.000-03:00;2021-10-02T00:28:17.484-03:00
Ever After High;childrens-animation;childrens-animation;2013-05-30T00:00:00.000-03:00;5 seasons, 17 episodes;5;17;23–47 min.;23;47;Ended;0;Children;English;2021-03-16T21:20:24.000-03:00;2021-10-02T00:28:17.787-03:00
Kulipari: An Army of Frogs;childrens-animation;childrens-animation;2016-09-02T00:00:00.000-03:00;1 season, 13 episodes;1;13;22–23 min.;22;23;Ended;0;Children;English;2021-03-16T21:20:24.000-03:00;2021-10-02T00:28:17.938-03:00
True: Magical Friends;childrens-animation;childrens-animation;2018-06-15T00:00:00.000-03:00;1 season, 5 episodes;1;5;24 min.;24;24;Ended;0;Children;English;2021-03-16T21:20:24.000-03:00;2021-10-02T00:28:17.939-03:00
Dawn of the Croods;childrens-animation;childrens-animation;2015-12-24T00:00:00.000-02:00;4 seasons, 52 episodes;4;52;23 min.;23;23;Ended;0;Children;English;2021-03-16T21:20:24.000-03:00;2021-10-02T00:28:18.325-03:00
The Magic School Bus Rides Again;childrens-animation;childrens-animation;2017-09-29T00:00:00.000-03:00;2 seasons, 26 episodes;2;26;25 min.;25;25;Ended;0;Children;English;2021-03-16T21:20:24.000-03:00;2021-10-02T00:28:18.452-03:00
All Hail King Julien;childrens-animation;childrens-animation;2014-12-19T00:00:00.000-02:00;5 seasons, 65 episodes;5;65;23 min.;23;23;Ended;0;Children;English;2021-03-16T21:20:24.000-03:00;2021-10-02T00:28:18.683-03:00
Turbo Fast;childrens-animation;childrens-animation;2013-12-24T00:00:00.000-02:00;3 seasons, 52 episodes;3;52;23 min.;23;23;Ended;0;Children;English;2021-03-16T21:20:24.000-03:00;2021-10-02T00:28:18.997-03:00
Home: Adventures with Tip & Oh;childrens-animation;childrens-animation;2016-07-29T00:00:00.000-03:00;4 seasons, 52 episodes;4;52;22–24 min.;22;24;Ended;0;Children;English;2021-03-16T21:20:24.000-03:00;2021-10-02T00:28:19.176-03:00
Justin Time GO!;childrens-animation;childrens-animation;2016-06-24T00:00:00.000-03:00;1 season, 13 episodes;1;13;22 min.;22;22;Ended;0;Children;English;2021-03-16T21:20:24.000-03:00;2021-10-02T00:28:19.656-03:00
Lego Elves: Secrets of Elvendale;childrens-animation;childrens-animation;2017-09-01T00:00:00.000-03:00;1 season, 8 episodes;1;8;24–25 min.;24;24;Ended;0;Children;English;2021-03-16T21:20:24.000-03:00;2021-10-02T00:28:20.028-03:00
Care Bears and Cousins;childrens-animation;childrens-animation;2015-11-06T00:00:00.000-02:00;2 seasons, 12 episodes;2;12;22 min.;22;22;Ended;0;Children;English;2021-03-16T21:20:24.000-03:00;2021-10-02T00:28:20.146-03:00
World of Winx;childrens-animation;childrens-animation;2016-11-04T00:00:00.000-02:00;2 seasons, 26 episodes;2;26;24 min.;24;24;Ended;0;Children;English;2021-03-16T21:20:24.000-03:00;2021-10-02T00:28:20.216-03:00
Kong: King of the Apes;childrens-animation;childrens-animation;2016-04-15T00:00:00.000-03:00;2 seasons, 23 episodes;2;23;22–85 min.;22;85;Ended;0;Children;English;2021-03-16T21:20:24.000-03:00;2021-10-02T00:28:20.562-03:00
Skylanders Academy;childrens-animation;childrens-animation;2016-10-28T00:00:00.000-02:00;3 seasons, 38 episodes;3;38;24–44 min.;24;44;Ended;0;Children;English;2021-03-16T21:20:24.000-03:00;2021-10-02T00:28:20.784-03:00
Buddy Thunderstruck;childrens-animation;childrens-animation;2017-03-10T00:00:00.000-03:00;1 season, 12 episodes;1;12;13–24 min.;13;24;Ended;0;Children;English;2021-03-16T21:20:24.000-03:00;2021-10-02T00:28:20.984-03:00
Lego Bionicle: The Journey to One;childrens-animation;childrens-animation;2016-03-04T00:00:00.000-03:00;2 seasons, 5 episodes;2;5;22 min.;22;22;Ended;0;Children;English;2021-03-16T21:20:24.000-03:00;2021-10-02T00:28:21.219-03:00
VeggieTales in the House;childrens-animation;childrens-animation;2014-11-26T00:00:00.000-02:00;4 seasons, 52 episodes;4;52;23 min.;23;23;Ended;0;Children;English;2021-03-16T21:20:24.000-03:00;2021-10-02T00:28:21.442-03:00
Dragons: Race to the Edge;childrens-animation;childrens-animation;2015-06-26T00:00:00.000-03:00;6 seasons, 78 episodes;6;78;22–23 min.;22;23;Ended;0;Children;English;2021-03-16T21:20:24.000-03:00;2021-10-02T00:28:21.669-03:00
Lego Friends: The Power of Friendship;childrens-animation;childrens-animation;2016-03-04T00:00:00.000-03:00;2 seasons, 4 episodes;2;4;22 min.;22;22;Ended;0;Children;English;2021-03-16T21:20:24.000-03:00;2021-10-02T00:28:22.232-03:00
Trollhunters: Tales of Arcadia;childrens-animation;childrens-animation;2016-12-23T00:00:00.000-02:00;3 parts, 52 episodes;0;52;23 min.;23;23;Ended;0;Children;English;2021-03-16T21:20:24.000-03:00;2021-10-02T00:28:22.692-03:00
Luna Petunia: Return to Amazia;childrens-animation;childrens-animation;2018-02-02T00:00:00.000-02:00;2 seasons, 11 episodes;2;11;24 min.;24;24;Ended;0;Children;English;2021-03-16T21:20:24.000-03:00;2021-10-02T00:28:22.963-03:00
We're Lalaloopsy;childrens-animation;childrens-animation;2017-01-10T00:00:00.000-02:00;1 season, 13 episodes;1;13;22 min.;22;22;Ended;0;Children;English;2021-03-16T21:20:24.000-03:00;2021-10-02T00:28:23.068-03:00
Edgar Rice Burroughs' Tarzan and Jane;childrens-animation;childrens-animation;2017-01-06T00:00:00.000-02:00;2 seasons, 13 episodes;2;13;22 min.;22;22;Ended;0;Children;English;2021-03-16T21:20:24.000-03:00;2021-10-02T00:28:23.166-03:00
Dinotrux Supercharged;childrens-animation;childrens-animation;2017-11-10T00:00:00.000-02:00;3 seasons, 26 episodes;3;26;24 min.;24;24;Ended;0;Children;English;2021-03-16T21:20:24.000-03:00;2021-10-02T00:28:23.236-03:00
The Mr. Peabody & Sherman Show;childrens-animation;childrens-animation;2015-10-09T00:00:00.000-03:00;4 seasons, 52 episodes;4;52;23 min.;23;23;Ended;0;Children;English;2021-03-16T21:20:24.000-03:00;2021-10-02T00:28:23.398-03:00
Godless;Western;western;2017-11-22T00:00:00.000-02:00;7 episodes;0;7;41–80 min.;41;80;Miniseries;0;Drama;English;2021-03-16T21:20:24.000-03:00;2021-10-02T00:28:22.690-03:00
A Little Help with Carol Burnett;Variety show;variety,show;2018-05-04T00:00:00.000-03:00;1 season, 12 episodes;1;12;21–29 min.;21;29;Ended;0;VarietyTalk;English;2021-03-16T21:20:24.000-03:00;2021-10-02T00:28:18.796-03:00
Shot in the Dark;True crime;true,crime;2017-11-17T00:00:00.000-02:00;1 season, 8 episodes;1;8;34–41 min.;34;41;Ended;0;DocuSeries;English;2021-03-16T21:20:24.000-03:00;2021-10-02T00:28:16.898-03:00
The Disappearance of Madeleine McCann;True crime;true,crime;2019-03-15T00:00:00.000-03:00;8 episodes;0;8;43–65 min.;43;65;Miniseries;0;DocuSeries;English;2021-03-16T21:20:24.000-03:00;2021-10-02T00:28:16.899-03:00
The Innocent Man;True crime;true,crime;2018-12-14T00:00:00.000-02:00;6 episodes;0;6;42–52 min.;42;52;Miniseries;0;DocuSeries;English;2021-03-16T21:20:24.000-03:00;2021-10-02T00:28:18.580-03:00
Conversations with a Killer: The Ted Bundy Tapes;True crime;true,crime;2019-01-24T00:00:00.000-02:00;4 episodes;0;4;51–74 min.;51;74;Miniseries;0;DocuSeries;English;2021-03-16T21:20:24.000-03:00;2021-10-02T00:28:21.336-03:00
Evil Genius: The True Story of America's Most Diabolical Bank Heist;True crime;true,crime;2018-05-11T00:00:00.000-03:00;4 episodes;0;4;46–54 min.;46;54;Miniseries;0;DocuSeries;English;2021-03-16T21:20:24.000-03:00;2021-10-02T00:28:22.308-03:00
Salt, Fat, Acid, Heat;Travel documentary;travel,documentary;2018-10-11T00:00:00.000-03:00;4 episodes;0;4;40–48 min.;40;48;Miniseries;0;DocuSeries;English;2021-03-16T21:20:24.000-03:00;2021-10-02T00:28:20.564-03:00
Bloodline;Thriller;thriller;2015-03-20T00:00:00.000-03:00;3 seasons, 33 episodes;3;33;48–68 min.;48;68;Ended;0;Drama;English;2021-03-16T21:20:24.000-03:00;2021-10-02T00:28:23.437-03:00
Chambers;Teen psychological thriller;teen,psychological,thriller;2019-04-26T00:00:00.000-03:00;1 season, 10 episodes;1;10;38–51 min.;38;51;Ended;0;Drama;English;2021-03-16T21:20:24.000-03:00;2021-10-02T00:28:16.841-03:00
Devilman Crybaby;Supernatural horror;supernatural,horror;2018-01-05T00:00:00.000-02:00;10 episodes;0;10;24–28 min.;24;28;Miniseries;0;Anime;English;2021-03-16T21:20:24.000-03:00;2021-10-02T00:28:18.539-03:00
The Innocents;Supernatural fiction;supernatural,fiction;2018-08-24T00:00:00.000-03:00;1 season, 8 episodes;1;8;46–56 min.;46;56;Ended;0;Drama;English;2021-03-16T21:20:24.000-03:00;2021-10-02T00:28:17.785-03:00
The Defenders;Superhero action/drama;superhero,action,drama;2017-08-18T00:00:00.000-03:00;8 episodes;0;8;44–57 min.;44;57;Miniseries;0;Marvel;English;2021-03-16T21:20:24.000-03:00;2021-10-02T00:28:22.827-03:00
Super Drags;Superhero-LGBT comedy;superhero-lgbt,comedy;2018-11-09T00:00:00.000-02:00;1 season, 5 episodes;1;5;23–26 min.;23;26;Ended;0;Animation;English;2021-03-16T21:20:24.000-03:00;2021-10-02T00:28:22.476-03:00
Coach Snoop;Sport;sport;2018-02-02T00:00:00.000-02:00;1 season, 8 episodes;1;8;28–30 min.;28;30;Ended;0;DocuSeries;English;2021-03-16T21:20:24.000-03:00;2021-10-02T00:28:20.068-03:00
Fearless;Sport;sport;2016-08-19T00:00:00.000-03:00;6 episodes;0;6;50–58 min.;50;58;Miniseries;0;DocuSeries;English;2021-03-16T21:20:24.000-03:00;2021-10-02T00:28:22.832-03:00
Netflix Presents: The Characters;Sketch comedy;sketch,comedy;2016-03-11T00:00:00.000-03:00;1 season, 8 episodes;1;8;27–38 min.;27;38;Ended;0;Comedy;English;2021-03-16T21:20:24.000-03:00;2021-10-02T00:28:21.046-03:00
W/ Bob & David;Sketch comedy;sketch,comedy;2015-11-13T00:00:00.000-02:00;1 season, 5 episodes;1;5;27–33 min.;27;33;Ended;0;Comedy;English;2021-03-16T21:20:24.000-03:00;2021-10-02T00:28:22.345-03:00
One Day at a Time;Sitcom;sitcom;2017-01-06T00:00:00.000-02:00;3 seasons, 39 episodes;3;39;25–35 min.;25;35;Ended;0;Comedy;English;2021-03-16T21:20:24.000-03:00;2021-10-02T00:28:16.611-03:00
Richie Rich;Sitcom;sitcom;2015-02-20T00:00:00.000-02:00;2 seasons, 21 episodes;2;21;21–23 min.;21;23;Ended;0;Children;English;2021-03-16T21:20:24.000-03:00;2021-10-02T00:28:19.469-03:00
White Rabbit Project;Science investigation;science,investigation;2016-12-09T00:00:00.000-02:00;1 season, 10 episodes;1;10;45–48 min.;45;48;Ended;0;Reality;English;2021-03-16T21:20:24.000-03:00;2021-10-02T00:28:20.923-03:00
A.I.C.O. -Incarnation-;Science fiction;science-fiction;2018-03-09T00:00:00.000-03:00;1 season, 12 episodes;1;12;25–29 min.;25;29;Ended;0;Anime;English;2021-03-16T21:20:24.000-03:00;2021-10-02T00:28:18.898-03:00
Switched;Science fiction;science-fiction;2018-08-01T00:00:00.000-03:00;1 season, 6 episodes;1;6;33–44 min.;33;44;Ended;0;ForeignLanguage;Japanese;2021-03-16T21:20:24.000-03:00;2021-10-02T00:28:21.524-03:00
Sense8;Science fiction;science-fiction;2015-06-05T00:00:00.000-03:00;2 seasons, 24 episodes;2;24;45–152 min.;45;152;Ended;0;Drama;English;2021-03-16T21:20:24.000-03:00;2021-10-02T00:28:23.439-03:00
Neo Yokio;Science fantasy comedy;science,fantasy,comedy;2017-09-22T00:00:00.000-03:00;2 seasons, 7 episodes;2;7;20–65 min.;20;65;Ended;0;Anime;English;2021-03-16T21:20:24.000-03:00;2021-10-02T00:28:18.995-03:00
Bill Nye Saves the World;Science;science;2017-04-21T00:00:00.000-03:00;3 seasons, 25 episodes;3;25;26–41 min.;26;41;Ended;0;VarietyTalk;English;2021-03-16T21:20:24.000-03:00;2021-10-02T00:28:21.027-03:00
Wet Hot American Summer: Ten Years Later;Satirical comedy;satirical,comedy;2017-08-04T00:00:00.000-03:00;8 episodes;0;8;24–31 min.;24;31;Miniseries;0;Comedy;English;2021-03-16T21:20:24.000-03:00;2021-10-02T00:28:20.967-03:00
Wet Hot American Summer: First Day of Camp;Satirical comedy;satirical,comedy;2015-07-31T00:00:00.000-03:00;8 episodes;0;8;27–30 min.;27;30;Miniseries;0;Comedy;English;2021-03-16T21:20:24.000-03:00;2021-10-02T00:28:22.244-03:00
Easy;Romantic comedy anthology;romantic,comedy,anthology;2016-09-22T00:00:00.000-03:00;3 seasons, 25 episodes;3;25;26–52 min.;26;52;Ended;0;Comedy;English;2021-03-16T21:20:24.000-03:00;2021-10-02T00:28:17.492-03:00
Love;Romantic comedy;romantic,comedy;2016-02-19T00:00:00.000-02:00;3 seasons, 34 episodes;3;34;24–40 min.;24;40;Ended;0;Comedy;English;2021-03-16T21:20:24.000-03:00;2021-10-02T00:28:22.246-03:00
Wormwood;Psychological drama;psychological,drama;2017-12-15T00:00:00.000-02:00;6 chapters;0;0;41–48 min.;41;48;Miniseries;0;DocuSeries;English;2021-03-16T21:20:24.000-03:00;2021-10-02T00:28:17.218-03:00
Gypsy;Psychological thriller;psychological,thriller;2017-06-30T00:00:00.000-03:00;1 season, 10 episodes;1;10;46–58 min.;46;58;Ended;0;Drama;English;2021-03-16T21:20:24.000-03:00;2021-10-02T00:28:20.558-03:00
House of Cards;Political drama;political,drama;2013-02-01T00:00:00.000-02:00;6 seasons, 73 episodes;6;73;42–59 min.;42;59;Ended;0;Drama;English;2021-03-16T21:20:24.000-03:00;2021-10-02T00:28:17.253-03:00
Marseille;Political drama;political,drama;2016-05-05T00:00:00.000-03:00;2 seasons, 16 episodes;2;16;35–53 min.;35;53;Ended;0;ForeignLanguage;French;2021-03-16T21:20:24.000-03:00;2021-10-02T00:28:20.641-03:00
The Good Cop;Police procedural comedy-drama;police,procedural,comedy-drama;2018-09-21T00:00:00.000-03:00;1 season, 10 episodes;1;10;43–49 min.;43;49;Ended;0;Drama;English;2021-03-16T21:20:24.000-03:00;2021-10-02T00:28:17.922-03:00
Jessica Jones;Neo-noir/psychological thriller;neo-noir,psychological,thriller;2015-11-20T00:00:00.000-02:00;3 seasons, 39 episodes;3;39;44–56 min.;44;56;Ended;0;Marvel;English;2021-03-16T21:20:24.000-03:00;2021-10-02T00:28:15.922-03:00
Luke Cage;Neo-blaxploitation/neo-western;neo-blaxploitation,neo-western;2016-09-30T00:00:00.000-03:00;2 seasons, 26 episodes;2;26;46–69 min.;46;69;Ended;0;Marvel;English;2021-03-16T21:20:24.000-03:00;2021-10-02T00:28:16.896-03:00
Our Planet;Nature documentary;nature,documentary;2019-04-05T00:00:00.000-03:00;8 episodes;0;8;49–54 min.;49;54;Miniseries;0;DocuSeries;English;2021-03-16T21:20:24.000-03:00;2021-10-02T00:28:18.440-03:00
72 Dangerous Animals: Latin America;Nature;nature;2017-12-22T00:00:00.000-02:00;1 season, 12 episodes;1;12;41–46 min.;41;46;Ended;0;DocuSeries;English;2021-03-16T21:20:24.000-03:00;2021-10-02T00:28:16.362-03:00
Lost Song;Musical fantasy;musical,fantasy;2018-03-31T00:00:00.000-03:00;1 season, 12 episodes;1;12;23–24 min.;23;24;Ended;0;Anime;English;2021-03-16T21:20:24.000-03:00;2021-10-02T00:28:22.628-03:00
The Get Down;Musical drama;musical,drama;2016-08-12T00:00:00.000-03:00;2 parts, 11 episodes;0;11;50–93 min.;50;93;Ended;0;Drama;English;2021-03-16T21:20:24.000-03:00;2021-10-02T00:28:22.356-03:00
Trailer Park Boys Out of the Park: USA;Mockumentary;mockumentary;2017-11-24T00:00:00.000-02:00;1 season, 8 episodes;1;8;23–35 min.;23;35;Ended;0;Comedy;English;2021-03-16T21:20:24.000-03:00;2021-10-02T00:28:19.823-03:00
Trailer Park Boys Out of the Park: Europe;Mockumentary;mockumentary;2016-10-28T00:00:00.000-02:00;1 season, 8 episodes;1;8;22–30 min.;22;30;Ended;0;Comedy;English;2021-03-16T21:20:24.000-03:00;2021-10-02T00:28:21.201-03:00
American Vandal;Mockumentary;mockumentary;2017-09-15T00:00:00.000-03:00;2 seasons, 16 episodes;2;16;26–42 min.;26;42;Ended;0;Comedy;English;2021-03-16T21:20:24.000-03:00;2021-10-02T00:28:23.558-03:00
Fire Chasers;Miniseries;miniseries;2017-09-08T00:00:00.000-03:00;4 episodes;0;4;50–58 min.;50;58;Miniseries;0;DocuSeries;English;2021-03-16T21:20:24.000-03:00;2021-10-02T00:28:19.470-03:00
Iron Fist;Martial arts/business drama;martial,arts,business,drama;2017-03-17T00:00:00.000-03:00;2 seasons, 23 episodes;2;23;49–61 min.;49;61;Ended;0;Marvel;English;2021-03-16T21:20:24.000-03:00;2021-10-02T00:28:19.824-03:00
Chelsea;Late-night;late-night;2016-05-11T00:00:00.000-03:00;2 seasons, 120 episodes;2;120;27–64 min.;27;64;Ended;0;VarietyTalk;English;2021-03-16T21:20:24.000-03:00;2021-10-02T00:28:18.660-03:00
Ghoul;Horror miniseries;horror,miniseries;2018-08-24T00:00:00.000-03:00;3 episodes;0;3;44–50 min.;44;50;Miniseries;0;ForeignLanguage;Hindi;2021-03-16T21:20:24.000-03:00;2021-10-02T00:28:20.661-03:00
Hemlock Grove;Horror/thriller;horror,thriller;2013-04-19T00:00:00.000-03:00;3 seasons, 33 episodes;3;33;45–58 min.;45;58;Ended;0;Drama;English;2021-03-16T21:20:24.000-03:00;2021-10-02T00:28:18.865-03:00
Bobby Kennedy for President;History;history;2018-04-27T00:00:00.000-03:00;4 chapters;0;0;59–66 min.;59;66;Miniseries;0;DocuSeries;English;2021-03-16T21:20:24.000-03:00;2021-10-02T00:28:21.204-03:00
Marco Polo;Historical drama;historical,drama;2014-12-12T00:00:00.000-02:00;2 seasons, 20 episodes;2;20;48–65 min.;48;65;Ended;0;Drama;English;2021-03-16T21:20:24.000-03:00;2021-10-02T00:28:21.124-03:00
Five Came Back;Historical drama;historical,drama;2017-03-31T00:00:00.000-03:00;3 episodes;0;3;59–69 min.;59;69;Miniseries;0;DocuSeries;English;2021-03-16T21:20:24.000-03:00;2021-10-02T00:28:22.421-03:00
Gilmore Girls: A Year in the Life;Family drama;family,drama;2016-11-25T00:00:00.000-02:00;4 episodes;0;4;88–102 min.;88;102;Miniseries;0;Drama;English;2021-03-16T21:20:24.000-03:00;2021-10-02T00:28:19.822-03:00
Julie's Greenroom;Educational;educational;2017-03-17T00:00:00.000-03:00;1 season, 13 episodes;1;13;27–34 min.;27;34;Ended;0;Children;English;2021-03-16T21:20:24.000-03:00;2021-10-02T00:28:19.445-03:00
Persona;Drama anthology series;drama,anthology,series;2019-04-11T00:00:00.000-03:00;1 season, 4 episodes;1;4;19–27 min.;19;27;Ended;0;ForeignLanguage;Korean;2021-03-16T21:20:24.000-03:00;2021-10-02T00:28:17.789-03:00
Edha;Drama;drama;2018-03-16T00:00:00.000-03:00;1 season, 10 episodes;1;10;38–43 min.;38;43;Ended;0;ForeignLanguage;Spanish;2021-03-16T21:20:24.000-03:00;2021-10-02T00:28:20.708-03:00
When They See Us;Drama;drama;2019-05-31T00:00:00.000-03:00;4 episodes;0;4;64–88 min.;64;88;Miniseries;0;Drama;English;2021-03-16T21:20:24.000-03:00;2021-10-02T00:28:23.066-03:00
Wild Wild Country;Documentary;documentary;2018-03-16T00:00:00.000-03:00;6 episodes;0;6;64–72 min.;64;72;Miniseries;0;DocuSeries;English;2021-03-16T21:20:24.000-03:00;2021-10-02T00:28:15.767-03:00
Flint Town;Documentary;documentary;2018-03-02T00:00:00.000-03:00;8 episodes;0;8;35–48 min.;35;48;Miniseries;0;DocuSeries;English;2021-03-16T21:20:24.000-03:00;2021-10-02T00:28:18.541-03:00
Rapture;Documentary;documentary;2018-03-30T00:00:00.000-03:00;1 season, 8 episodes;1;8;52–63 min.;52;63;Ended;0;DocuSeries;English;2021-03-16T21:20:24.000-03:00;2021-10-02T00:28:18.775-03:00
Rotten;Documentary;documentary;2018-01-05T00:00:00.000-02:00;1 season, 6 episodes;1;6;48–58 min.;48;58;Ended;0;DocuSeries;English;2021-03-16T21:20:24.000-03:00;2021-10-02T00:28:18.870-03:00
Hot Girls Wanted: Turned On;Documentary;documentary;2017-04-21T00:00:00.000-03:00;6 episodes;0;6;41–58 min.;41;58;Miniseries;0;DocuSeries;English;2021-03-16T21:20:24.000-03:00;2021-10-02T00:28:20.643-03:00
Drug Lords;Documentary;documentary;2018-01-19T00:00:00.000-02:00;2 seasons, 8 episodes;2;8;42–47 min.;42;47;Ended;0;DocuSeries;English;2021-03-16T21:20:24.000-03:00;2021-10-02T00:28:21.693-03:00
Captive;Documentary;documentary;2016-12-09T00:00:00.000-02:00;8 episodes;0;8;59–73 min.;59;73;Miniseries;0;DocuSeries;English;2021-03-16T21:20:24.000-03:00;2021-10-02T00:28:21.958-03:00
November 13: Attack on Paris;Documentary;documentary;2018-06-01T00:00:00.000-03:00;3 episodes;0;3;47–59 min.;47;59;Miniseries;0;DocuSeries;English;2021-03-16T21:20:24.000-03:00;2021-10-02T00:28:22.109-03:00
Daughters of Destiny;Documentary;documentary;2017-07-28T00:00:00.000-03:00;4 episodes;0;4;56–65 min.;56;65;Miniseries;0;DocuSeries;English;2021-03-16T21:20:24.000-03:00;2021-10-02T00:28:22.347-03:00
Follow This;Docu-series;docu-series;2018-08-23T00:00:00.000-03:00;3 parts, 20 episodes;0;20;15–20 min.;15;20;Ended;0;DocuSeries;English;2021-03-16T21:20:24.000-03:00;2021-10-02T00:28:19.487-03:00
1994;Docu-series;docu-series;2019-05-17T00:00:00.000-03:00;5 episodes;0;5;44–52 min.;44;52;Miniseries;0;DocuSeries;English;2021-03-16T21:20:24.000-03:00;2021-10-02T00:28:19.657-03:00
Maniac;Dark comedy;dark,comedy;2018-09-21T00:00:00.000-03:00;10 episodes;0;10;27–47 min.;27;47;Miniseries;0;Comedy;English;2021-03-16T21:20:24.000-03:00;2021-10-02T00:28:17.727-03:00
Cooked;Culinary art;culinary,art;2016-02-19T00:00:00.000-02:00;4 episodes;0;4;50–58 min.;50;58;Miniseries;0;DocuSeries;English;2021-03-16T21:20:24.000-03:00;2021-10-02T00:28:17.496-03:00
Chef's Table: France;Culinary art;culinary,art;2016-09-02T00:00:00.000-03:00;1 season, 4 episodes;1;4;41–54 min.;41;54;Ended;0;DocuSeries;English;2021-03-16T21:20:24.000-03:00;2021-10-02T00:28:22.704-03:00
Crime Diaries: Night Out;Crime anthology series;crime,anthology,series;2019-05-03T00:00:00.000-03:00;8 episodes;0;8;38–48 min.;38;48;Miniseries;0;ForeignLanguage;Spanish;2021-03-16T21:20:24.000-03:00;2021-10-02T00:28:16.048-03:00
Crime Diaries: The Candidate;Crime anthology series;crime,anthology,series;2019-03-22T00:00:00.000-03:00;8 episodes;0;8;32–48 min.;32;48;Miniseries;0;ForeignLanguage;Spanish;2021-03-16T21:20:24.000-03:00;2021-10-02T00:28:16.360-03:00
Daredevil;Crime drama/legal drama;crime,drama,legal,drama;2015-04-10T00:00:00.000-03:00;3 seasons, 39 episodes;3;39;46–61 min.;46;61;Ended;0;Marvel;English;2021-03-16T21:20:24.000-03:00;2021-10-02T00:28:22.072-03:00
The Punisher;Crime drama/conspiracy thriller;crime,drama,conspiracy,thriller;2017-11-17T00:00:00.000-02:00;2 seasons, 26 episodes;2;26;47–58 min.;47;58;Ended;0;Marvel;English;2021-03-16T21:20:24.000-03:00;2021-10-02T00:28:20.156-03:00
Narcos;Crime drama;crime,drama;2015-08-28T00:00:00.000-03:00;3 seasons, 30 episodes;3;30;43–60 min.;43;60;Ended;0;Drama;English;2021-03-16T21:20:24.000-03:00;2021-10-02T00:28:17.078-03:00
The Keepers;Crime drama;crime,drama;2017-05-19T00:00:00.000-03:00;7 episodes;0;7;56–66 min.;56;66;Miniseries;0;DocuSeries;English;2021-03-16T21:20:24.000-03:00;2021-10-02T00:28:20.159-03:00
Seven Seconds;Crime drama;crime,drama;2018-02-23T00:00:00.000-03:00;1 season, 10 episodes;1;10;54–80 min.;54;80;Ended;0;Drama;English;2021-03-16T21:20:24.000-03:00;2021-10-02T00:28:22.472-03:00
Estocolmo;Crime drama;crime,drama;2016-11-11T00:00:00.000-02:00;1 season, 13 episodes;1;13;37–49 min.;37;49;Ended;0;ForeignLanguage;Spanish;2021-03-16T21:20:24.000-03:00;2021-10-02T00:28:22.515-03:00
Cooking on High;Cooking show;cooking,show;2018-06-22T00:00:00.000-03:00;1 season, 12 episodes;1;12;13–15 min.;13;15;Ended;0;Reality;English;2021-03-16T21:20:24.000-03:00;2021-10-02T00:28:16.090-03:00
The Curious Creations of Christine McConnell;Cooking show;cooking,show;2018-10-12T00:00:00.000-03:00;1 season, 6 episodes;1;6;24–29 min.;24;29;Ended;0;Reality;English;2021-03-16T21:20:24.000-03:00;2021-10-02T00:28:23.615-03:00
Everything Sucks!;Coming-of-age comedy;coming-of-age,comedy;2018-02-16T00:00:00.000-02:00;1 season, 10 episodes;1;10;23–27 min.;23;27;Ended;0;Comedy;English;2021-03-16T21:20:24.000-03:00;2021-10-02T00:28:17.483-03:00
Santa Clarita Diet;Comedy-horror;comedy-horror;2017-02-03T00:00:00.000-02:00;3 seasons, 30 episodes;3;30;26–35 min.;26;35;Ended;0;Comedy;English;2021-03-16T21:20:24.000-03:00;2021-10-02T00:28:15.554-03:00
Club de Cuervos;Comedy-drama;comedy-drama;2015-08-07T00:00:00.000-03:00;4 seasons, 45 episodes;4;45;36–94 min.;36;94;Ended;0;ForeignLanguage;Spanish;2021-03-16T21:20:24.000-03:00;2021-10-02T00:28:22.965-03:00
The Joel McHale Show with Joel McHale;Comedy;comedy;2018-02-18T00:00:00.000-03:00;2 parts, 19 episodes;0;19;22–28 min.;22;28;Ended;0;VarietyTalk;English;2021-03-16T21:20:24.000-03:00;2021-10-02T00:28:15.527-03:00
Chelsea Does;Comedy;comedy;2016-01-23T00:00:00.000-02:00;1 season, 4 episodes;1;4;62–74 min.;62;74;Ended;0;DocuSeries;English;2021-03-16T21:20:24.000-03:00;2021-10-02T00:28:15.536-03:00
Unbreakable Kimmy Schmidt;Comedy;comedy;2015-03-06T00:00:00.000-03:00;4 seasons, 51 episodes;4;51;23–53 min.;23;53;Ended;0;Comedy;English;2021-03-16T21:20:24.000-03:00;2021-10-02T00:28:17.950-03:00
Friends from College;Comedy;comedy;2017-07-14T00:00:00.000-03:00;2 seasons, 16 episodes;2;16;26–34 min.;26;34;Ended;0;Comedy;English;2021-03-16T21:20:24.000-03:00;2021-10-02T00:28:18.450-03:00
Disjointed;Comedy;comedy;2017-08-25T00:00:00.000-03:00;2 parts, 20 episodes;0;20;23–32 min.;23;32;Ended;0;Comedy;English;2021-03-16T21:20:24.000-03:00;2021-10-02T00:28:18.977-03:00
Lady Dynamite;Comedy;comedy;2016-05-20T00:00:00.000-03:00;2 seasons, 20 episodes;2;20;26–36 min.;26;36;Ended;0;Comedy;English;2021-03-16T21:20:24.000-03:00;2021-10-02T00:28:19.070-03:00
Club de Cuervos Presents: The Ballad of Hugo Sánchez;Comedy;comedy;2018-06-17T00:00:00.000-03:00;1 season, 6 episodes;1;6;29–37 min.;29;37;Ended;0;ForeignLanguage;Spanish;2021-03-16T21:20:24.000-03:00;2021-10-02T00:28:19.790-03:00
Haters Back Off;Comedy;comedy;2016-10-14T00:00:00.000-03:00;2 seasons, 16 episodes;2;16;24–36 min.;24;36;Ended;0;Comedy;English;2021-03-16T21:20:24.000-03:00;2021-10-02T00:28:20.467-03:00
Russell Peters Vs. the World;Comedy;comedy;2013-10-03T00:00:00.000-03:00;1 season, 4 episodes;1;4;26–29 min.;26;29;Ended;0;DocuSeries;English;2021-03-16T21:20:24.000-03:00;2021-10-02T00:28:20.516-03:00
My Only Love Song;Comedy;comedy;2017-06-09T00:00:00.000-03:00;1 season, 20 episodes;1;20;27–30 min.;27;30;Ended;0;ForeignLanguage;Korean;2021-03-16T21:20:24.000-03:00;2021-10-02T00:28:21.221-03:00
All About the Washingtons;Comedy;comedy;2018-08-10T00:00:00.000-03:00;1 season, 10 episodes;1;10;22–27 min.;22;27;Ended;0;Comedy;English;2021-03-16T21:20:24.000-03:00;2021-10-02T00:28:21.267-03:00
Flaked;Comedy;comedy;2016-03-11T00:00:00.000-03:00;2 seasons, 14 episodes;2;14;30–34 min.;30;34;Ended;0;Comedy;English;2021-03-16T21:20:24.000-03:00;2021-10-02T00:28:22.230-03:00
Project Mc2;Comedy;comedy;2016-08-07T00:00:00.000-03:00;6 parts, 26 episodes;0;26;22–34 min.;22;34;Ended;0;Children;English;2021-03-16T21:20:24.000-03:00;2021-10-02T00:28:22.869-03:00
Best.Worst.Weekend.Ever.;Comedy;comedy;2018-10-19T00:00:00.000-03:00;8 episodes;0;8;22–28 min.;22;28;Miniseries;0;Children;English;2021-03-16T21:20:24.000-03:00;2021-10-02T00:28:23.070-03:00
Girlboss;Comedy;comedy;2017-04-21T00:00:00.000-03:00;1 season, 13 episodes;1;13;24–29 min.;24;29;Ended;0;Comedy;English;2021-03-16T21:20:24.000-03:00;2021-10-02T00:28:23.798-03:00
Master of None;Comedy;comedy;2015-11-06T00:00:00.000-02:00;2 seasons, 20 episodes;2;20;21–57 min.;21;57;Ended;0;Comedy;English;2021-03-16T21:20:24.000-03:00;2021-10-02T00:28:23.816-03:00
Chasing Cameron;Celebrity;celebrity;2016-12-27T00:00:00.000-02:00;1 season, 10 episodes;1;10;26–33 min.;26;33;Ended;0;Reality;English;2021-03-16T21:20:24.000-03:00;2021-10-02T00:28:18.245-03:00
A Series of Unfortunate Events;Black-comedy mystery;black-comedy,mystery;2017-01-13T00:00:00.000-02:00;3 seasons, 25 episodes;3;25;36–64 min.;36;64;Ended;0;Drama;English;2021-03-16T21:20:24.000-03:00;2021-10-02T00:28:15.666-03:00
Abstract: The Art of Design;Biography;biography;2017-02-10T00:00:00.000-02:00;1 season, 8 episodes;1;8;41–48 min.;41;48;Ended;0;DocuSeries;English;2021-03-16T21:20:24.000-03:00;2021-10-02T00:28:22.834-03:00
The Day I Met El Chapo;Biography;biography;2017-10-20T00:00:00.000-02:00;1 season, 3 episodes;1;3;48–61 min.;48;61;Ended;0;DocuSeries;English;2021-03-16T21:20:24.000-03:00;2021-10-02T00:28:23.116-03:00
Blazing Transfer Students;Action comedy;action,comedy;2017-11-10T00:00:00.000-02:00;1 season, 8 episodes;1;8;23–28 min.;23;28;Ended;0;ForeignLanguage;Japanese;2021-03-16T21:20:24.000-03:00;2021-10-02T00:28:18.868-03:00
